store_id,brand_id,store_name,road_address,lng,lat,store_type,source,external_id
str_01KZMSEJ2F39WQR8MCC7T8VTVQ,paris,파리바게뜨수원스카이뷰점,경기도 수원시 장안구 이목로 24,126.983587090271,37.3093868222304,NORMAL,PUBLIC_DATA,MA010120220801429464
str_01KZMSEJ2F39WQR8MCC7T8VTVR,paikdabang,빽다방수원호매실칠보점,경기도 수원시 권선구 금호로 56,126.957867522685,37.2695996231352,NORMAL,PUBLIC_DATA,MA010120220800152961
str_01KZMSEJ2F39WQR8MCC7T8VTVS,paris,파리바게뜨광교더샵레이크시티점,경기도 수원시 영통구 광교호수공원로 20,127.060150126667,37.271033505626,NORMAL,PUBLIC_DATA,MA010120220809367568
str_01KZMSEJ2F39WQR8MCC7T8VTVT,paris,파리바게뜨수원 남문점,경기도 수원시 팔달구 정조로 782,127.017251722885,37.2778053334657,NORMAL,PUBLIC_DATA,MA010120220802439728
str_01KZMSEJ2F39WQR8MCC7T8VTVV,ediya,이디야커피호매실 중앙점,경기도 수원시 권선구 금곡로 204,126.953343949529,37.2737066734659,NORMAL,PUBLIC_DATA,MA010120220812067738
str_01KZMSEJ2F39WQR8MCC7T8VTVW,compose,컴포즈커피수원매교점,경기도 수원시 팔달구 정조로 662,127.01701260889,37.2674704295964,NORMAL,PUBLIC_DATA,MA010120220804579779
str_01KZMSEJ2F39WQR8MCC7T8VTVX,paris,쏘웰파트너스파리바게뜨수원공군비행단점,경기도 수원시 권선구 경수대로168번길 79,127.022900850194,37.2406814088271,NORMAL,PUBLIC_DATA,MA010120220814316119
str_01KZMSEJ2F39WQR8MCC7T8VTVY,ediya,이디야수원디지털엠파이어2점,경기도 수원시 영통구 신원로 88,127.050269166527,37.247466833878,NORMAL,PUBLIC_DATA,MA010120220802469584
str_01KZMSEJ2F39WQR8MCC7T8VTVZ,ediya,이디야커피수원인계 중앙점,경기도 수원시 팔달구 권광로 280,127.036203324206,37.272079447716,NORMAL,PUBLIC_DATA,MA010120220806535790
str_01KZMSEJ2F39WQR8MCC7T8VTW0,paikdabang,빽다방수원삼성전자 정문점,경기도 수원시 영통구 삼성로 172-4,127.057412050684,37.2583662154027,NORMAL,PUBLIC_DATA,MA010120220813767563
str_01KZMSEJ2F39WQR8MCC7T8VTW1,compose,컴포즈커피수원고등 자이점,경기도 수원시 팔달구 고등로 8,126.998601918105,37.2725625267686,NORMAL,PUBLIC_DATA,MA010120220802672522
str_01KZMSEJ2F39WQR8MCC7T8VTW2,paikdabang,빽다방수원역전 시장점,경기도 수원시 팔달구 덕영대로 931-1,127.001668522311,37.2654893482354,NORMAL,PUBLIC_DATA,MA010120220812513383
str_01KZMSEJ2F39WQR8MCC7T8VTW3,ediya,이디야커피수원광교역점,경기도 수원시 영통구 대학1로 49,127.045138365919,37.3000265996019,NORMAL,PUBLIC_DATA,MA010120220810577508
str_01KZMSEJ2F39WQR8MCC7T8VTW4,ediya,이디야커피광교 호수공원점,경기도 수원시 영통구 법조로 38,127.062147496483,37.2868907734938,NORMAL,PUBLIC_DATA,MA010120220812489562
str_01KZMSEJ2F39WQR8MCC7T8VTW5,tourlesjours,뚜레쥬르수원고색점,경기도 수원시 권선구 매송고색로 695,126.980387351042,37.2509809426062,NORMAL,PUBLIC_DATA,MA010120220801399260
str_01KZMSEJ2F39WQR8MCC7T8VTW6,paikdabang,빽다방 광교에듀타운점,경기도 수원시 영통구 도청로89번길 43,127.047218179165,37.2891592768147,NORMAL,PUBLIC_DATA,MA010120220812029698
str_01KZMSEJ2F39WQR8MCC7T8VTW7,compose,컴포즈커피수원 정자점,경기도 수원시 장안구 대평로 72,126.993954899837,37.2948000273429,NORMAL,PUBLIC_DATA,MA010120220804975954
str_01KZMSEJ2F39WQR8MCC7T8VTW8,baskinrobbins,배스킨라빈스광교앨리웨이점,경기도 수원시 영통구 광교호수공원로 80,127.0612679787,37.273087305422,NORMAL,PUBLIC_DATA,MA010120220808116656
str_01KZMSEJ2F39WQR8MCC7T8VTW9,paris,파리바게뜨,경기도 수원시 권선구 금호로53번길 2,126.957608095092,37.2698067700093,NORMAL,PUBLIC_DATA,MA010120220801402725
str_01KZMSEJ2F39WQR8MCC7T8VTWA,paris,파리바게뜨수원정자1동점,경기도 수원시 장안구 만석로 99,126.992082291725,37.2989176566904,NORMAL,PUBLIC_DATA,MA010120220803010520
str_01KZMSEJ2F39WQR8MCC7T8VTWB,tourlesjours,뚜레쥬르,경기도 수원시 권선구 권중로 99,127.029317251938,37.2502671126093,NORMAL,PUBLIC_DATA,MA010120220801362807
str_01KZMSEJ2F39WQR8MCC7T8VTWC,twosome,투썸플레이스,경기도 수원시 영통구 광교중앙로 145,127.05778345471,37.2870912127844,NORMAL,PUBLIC_DATA,MA010120220812480830
str_01KZMSEJ2F39WQR8MCC7T8VTWD,paris,파리바게뜨광교 법조타운점,경기도 수원시 영통구 광교중앙로 250,127.067486362393,37.2923211097478,NORMAL,PUBLIC_DATA,MA010120220804010817
str_01KZMSEJ2F39WQR8MCC7T8VTWE,paikdabang,빽다방 아주대점,경기도 수원시 영통구 아주로 18,127.044143283299,37.2763837271313,NORMAL,PUBLIC_DATA,MA010120220803505233
str_01KZMSEJ2F39WQR8MCC7T8VTWF,megamgc,메가엠지씨커피영통역점,경기도 수원시 영통구 봉영로 1569,127.071023595658,37.2520605400011,NORMAL,PUBLIC_DATA,MA010120220809979207
str_01KZMSEJ2F39WQR8MCC7T8VTWG,compose,컴포즈커피,경기도 수원시 권선구 금곡로102번길 30,126.941145030843,37.2728632694733,NORMAL,PUBLIC_DATA,MA010120220814064762
str_01KZMSEJ2F39WQR8MCC7T8VTWH,megamgc,메가엠지씨커피수원매교역점,경기도 수원시 팔달구 인계로 20,127.018197043598,37.270191398567,NORMAL,PUBLIC_DATA,MA010120220813455169
str_01KZMSEJ2F39WQR8MCC7T8VTWJ,baskinrobbins,배스킨라빈스수원정자 시장점,경기도 수원시 장안구 수성로258번길 3,127.001048797321,37.2895651470345,NORMAL,PUBLIC_DATA,MA010120220809370501
str_01KZMSEJ2F39WQR8MCC7T8VTWK,paris,파리바게뜨,경기도 수원시 영통구 영통로90번길 4-8,127.060281258899,37.2375146199372,NORMAL,PUBLIC_DATA,MA010120220812293215
str_01KZMSEJ2F39WQR8MCC7T8VTWM,ediya,이디야삼성교점,경기도 수원시 영통구 인계로 289,127.049163660305,37.2633707138923,NORMAL,PUBLIC_DATA,MA010120220813914684
str_01KZMSEJ2F39WQR8MCC7T8VTWN,paikdabang,빽다방수원곡반정동점,경기도 수원시 권선구 곡반정로65번길 25,127.027395478672,37.2347605811145,NORMAL,PUBLIC_DATA,MA010120220803312076
str_01KZMSEJ2F39WQR8MCC7T8VTWP,megamgc,메가엠지씨커피수원엠파이어점,경기도 수원시 영통구 신원로 88,127.050269166527,37.247466833878,NORMAL,PUBLIC_DATA,MA010120220801375856
str_01KZMSEJ2F39WQR8MCC7T8VTWQ,twosome,투썸플레이스수원드라마센타점,경기도 수원시 팔달구 권광로255번길 8,127.034466100401,37.2700886655119,NORMAL,PUBLIC_DATA,MA010120220802454009
str_01KZMSEJ2F39WQR8MCC7T8VTWR,twosome,투썸플레이스북수원정자타운점,경기도 수원시 장안구 정자천로 171,126.99450749292,37.2953136456122,NORMAL,PUBLIC_DATA,MA010120220811369298
str_01KZMSEJ2F39WQR8MCC7T8VTWS,paikdabang,빽다방 수원역점,경기도 수원시 팔달구 향교로 9-1,127.002266106308,37.2679131406393,NORMAL,PUBLIC_DATA,MA010120220809274036
str_01KZMSEJ2F39WQR8MCC7T8VTWT,megamgc,메가엠지씨커피수원호매실1 3단지점,경기도 수원시 권선구 호매실로218번길 126,126.960890877182,37.2660956089447,NORMAL,PUBLIC_DATA,MA010120220812724466
str_01KZMSEJ2F39WQR8MCC7T8VTWV,paris,파리바게뜨정자동신점,경기도 수원시 장안구 장안로 232,126.99348038995,37.3043780227016,NORMAL,PUBLIC_DATA,MA010120220801431293
str_01KZMSEJ2F39WQR8MCC7T8VTWW,megamgc,메가엠지씨커피수원 호매실점,경기도 수원시 권선구 금곡로196번길 61,126.954505249582,37.2737521774778,NORMAL,PUBLIC_DATA,MA010120220808990785
str_01KZMSEJ2F39WQR8MCC7T8VTWX,paris,파리바게뜨광교 힐스테이트점,경기도 수원시 영통구 센트럴파크로 33,127.062430798258,37.2885575454681,NORMAL,PUBLIC_DATA,MA010120220802923487
str_01KZMSEJ2F39WQR8MCC7T8VTWY,twosome,투썸플레이스수원 터미널점,경기도 수원시 권선구 덕영대로1201번길 8,127.022576659237,37.2495387437697,NORMAL,PUBLIC_DATA,MA010120220812207583
str_01KZMSEJ2F39WQR8MCC7T8VTWZ,twosome,투썸플레이스동수원 병원점,경기도 수원시 팔달구 중부대로 165,127.0343570283,37.2781710312443,NORMAL,PUBLIC_DATA,MA010120220811688386
str_01KZMSEJ2F39WQR8MCC7T8VTX0,megamgc,메가엠지씨커피호매실신미주점,경기도 수원시 권선구 금호로 20,126.95393335237,37.2686160226311,NORMAL,PUBLIC_DATA,MA010120220812532708
str_01KZMSEJ2F39WQR8MCC7T8VTX1,paris,파리바게뜨,경기도 수원시 권선구 세지로 61,127.016987850603,37.2576310503346,NORMAL,PUBLIC_DATA,MA010120220801338497
str_01KZMSEJ2F39WQR8MCC7T8VTX2,megamgc,메가엠지씨커피수원 곡반정점,경기도 수원시 권선구 곡선로 43,127.029425650943,37.2391662103147,NORMAL,PUBLIC_DATA,MA010120220810053900
str_01KZMSEJ2F39WQR8MCC7T8VTX3,compose,컴포즈커피수원화서 시장점,경기도 수원시 팔달구 동말로 72,127.002097289814,37.2785814663606,NORMAL,PUBLIC_DATA,MA010120220803558559
str_01KZMSEJ2F39WQR8MCC7T8VTX4,paris,파리바게뜨영통아이파크 캐슬점,경기도 수원시 영통구 덕영대로 1400,127.041452068618,37.2418297065878,NORMAL,PUBLIC_DATA,MA010120220813495003
str_01KZMSEJ2F39WQR8MCC7T8VTX5,compose,컴포즈커피수원 호매실점,경기도 수원시 권선구 호매실로104번길 24-61,126.962641916961,37.2588337730455,NORMAL,PUBLIC_DATA,MA010120220813282322
str_01KZMSEJ2F39WQR8MCC7T8VTX6,paikdabang,빽다방수원황골 마을점,경기도 수원시 영통구 영통로 511,127.077506276581,37.2644277921409,NORMAL,PUBLIC_DATA,MA010120220806858256
str_01KZMSEJ2F39WQR8MCC7T8VTX7,baskinrobbins,배스킨라빈스수원경희대점,경기도 수원시 영통구 덕영대로 1689,127.076035449093,37.2479847084411,NORMAL,PUBLIC_DATA,MA010120220812167079
str_01KZMSEJ2F39WQR8MCC7T8VTX8,megamgc,메가엠지씨커피망포포레 스퀘어점,경기도 수원시 영통구 덕영대로 1478,127.052487981488,37.245168206998,NORMAL,PUBLIC_DATA,MA010120220808266792
str_01KZMSEJ2F39WQR8MCC7T8VTX9,megamgc,메가엠지씨커피수원 남문점,경기도 수원시 팔달구 정조로 756-1,127.016879115901,37.2755167449966,NORMAL,PUBLIC_DATA,MA010120220803054073
str_01KZMSEJ2F39WQR8MCC7T8VTXA,megamgc,메가엠지씨커피화서파크 푸르지오점,경기도 수원시 장안구 대평로 27,126.995703370565,37.2885739315175,NORMAL,PUBLIC_DATA,MA010120220810042565
str_01KZMSEJ2F39WQR8MCC7T8VTXB,ediya,이디야수원 인계점,경기도 수원시 팔달구 권광로 169,127.031937545154,37.2628179676393,NORMAL,PUBLIC_DATA,MA010120220802451117
str_01KZMSEJ2F39WQR8MCC7T8VTXC,tourlesjours,뚜레쥬르성대율전점,경기도 수원시 장안구 율전로 105,126.968780454414,37.2985894307622,NORMAL,PUBLIC_DATA,MA010120220802441810
str_01KZMSEJ2F39WQR8MCC7T8VTXD,compose,컴포즈커피수원 연무점,경기도 수원시 장안구 창룡대로 185,127.030382480202,37.2925256674188,NORMAL,PUBLIC_DATA,MA010120220803263673
str_01KZMSEJ2F39WQR8MCC7T8VTXE,compose,컴포즈커피광교SK뷰점,경기도 수원시 영통구 에듀타운로 102,127.046417870928,37.2897813097262,NORMAL,PUBLIC_DATA,MA010120220812038336
str_01KZMSEJ2F39WQR8MCC7T8VTXF,paikdabang,빽다방수원호매실능실점,경기도 수원시 권선구 호매실로104번길 24-76,126.963171387851,37.2595547732054,NORMAL,PUBLIC_DATA,MA010120220812159443
str_01KZMSEJ2F39WQR8MCC7T8VTXG,twosome,투썸플레이스광교역점,경기도 수원시 영통구 대학1로 47,127.044957967095,37.3001347926566,NORMAL,PUBLIC_DATA,MA010120220808447430
str_01KZMSEJ2F39WQR8MCC7T8VTXH,megamgc,메가엠지씨커피세류역점,경기도 수원시 권선구 정조로388번길 7-4,127.015294275325,37.2443679113699,NORMAL,PUBLIC_DATA,MA010120220806911013
str_01KZMSEJ2F39WQR8MCC7T8VTXJ,compose,컴포즈커피수원삼성미래기술점,경기도 수원시 영통구 삼성로 130,127.05781219534,37.2509414224716,NORMAL,PUBLIC_DATA,MA010120220812694991
str_01KZMSEJ2F39WQR8MCC7T8VTXK,ediya,이디야서수원몰점,경기도 수원시 권선구 수인로 291,126.970151485977,37.282632400093,NORMAL,PUBLIC_DATA,MA010120220801396568
str_01KZMSEJ2F39WQR8MCC7T8VTXM,ediya,이디야커피금곡점,경기도 수원시 권선구 서수원로523번길 30-13,126.957889057853,37.2714197338462,NORMAL,PUBLIC_DATA,MA010120220807825111
str_01KZMSEJ2F39WQR8MCC7T8VTXN,paris,파리바게뜨수원 연무점,경기도 수원시 장안구 창룡대로 185,127.030382480202,37.2925256674188,NORMAL,PUBLIC_DATA,MA010120220802440464
str_01KZMSEJ2F39WQR8MCC7T8VTXP,tourlesjours,뚜레쥬르수원역푸르지오자이,경기도 수원시 팔달구 팔달로 63,127.002052072093,37.274355588289,NORMAL,PUBLIC_DATA,MA010120220812937983
str_01KZMSEJ2F39WQR8MCC7T8VTXQ,ediya,이디야수원경희대점,경기도 수원시 영통구 덕영대로 1709,127.078436210583,37.247983142526,NORMAL,PUBLIC_DATA,MA010120220810323493
str_01KZMSEJ2F39WQR8MCC7T8VTXR,twosome,투썸플레이스수원 연무점,경기도 수원시 장안구 창룡대로 175,127.029310988388,37.2922736470235,NORMAL,PUBLIC_DATA,MA010120220812904959
str_01KZMSEJ2F39WQR8MCC7T8VTXS,compose,컴포즈커피수원삼성전자점,경기도 수원시 영통구 신원로 293,127.060187831197,37.2617437468071,NORMAL,PUBLIC_DATA,MA010120220806978066
str_01KZMSEJ2F39WQR8MCC7T8VTXT,ediya,이디야커피수원삼성 정문점,경기도 수원시 영통구 삼성로 186-1,127.058314688877,37.2594290048117,NORMAL,PUBLIC_DATA,MA010120220804687985
str_01KZMSEJ2F39WQR8MCC7T8VTXV,paikdabang,빽다방수원정자백설점,경기도 수원시 장안구 정자천로173번길 17,126.994146524036,37.2961515930267,NORMAL,PUBLIC_DATA,MA010120220807014887
str_01KZMSEJ2F39WQR8MCC7T8VTXW,twosome,투썸플레이스수원 정자점,경기도 수원시 장안구 이목로 24-3,126.984737631327,37.3096572867693,NORMAL,PUBLIC_DATA,MA010120220804204300
str_01KZMSEJ2F39WQR8MCC7T8VTXX,paris,파리바게뜨수원파밀리에점,경기도 수원시 팔달구 세지로 211,127.023202998847,37.2704428148137,NORMAL,PUBLIC_DATA,MA010120220801431624
str_01KZMSEJ2F39WQR8MCC7T8VTXY,paris,파리바게뜨수원메르디앙점,경기도 수원시 팔달구 팔달문로130번길 69,127.031719012453,37.2793521297261,NORMAL,PUBLIC_DATA,MA010120220801436038
str_01KZMSEJ2F39WQR8MCC7T8VTXZ,twosome,투썸플레이스수원나혜석 거리점,경기도 수원시 팔달구 인계로166번길 48-15,127.033978698345,37.2643041190652,NORMAL,PUBLIC_DATA,MA010120220813075701
str_01KZMSEJ2F39WQR8MCC7T8VTY0,paikdabang,빽다방수원정자 시장점,경기도 수원시 장안구 수성로261번길 6,127.001003696496,37.2902229053268,NORMAL,PUBLIC_DATA,MA010120220801429532
str_01KZMSEJ2F39WQR8MCC7T8VTY1,twosome,투썸플레이스태장 사거리점,경기도 수원시 영통구 영통로 135,127.055583392619,37.2396523969518,NORMAL,PUBLIC_DATA,MA010120220811512098
str_01KZMSEJ2F39WQR8MCC7T8VTY2,paris,파리바게뜨광교 센트럴점,경기도 수원시 영통구 센트럴타운로 94,127.050907734444,37.2919329446142,NORMAL,PUBLIC_DATA,MA010120220810035345
str_01KZMSEJ2F39WQR8MCC7T8VTY3,paris,파리바게뜨수원원천점,경기도 수원시 영통구 중부대로448번길 100,127.059109593422,37.2668531981483,NORMAL,PUBLIC_DATA,MA010120220814162184
str_01KZMSEJ2F39WQR8MCC7T8VTY4,baskinrobbins,배스킨라빈스수원 탑동점,경기도 수원시 권선구 금호로 232,126.975465041537,37.2752631145433,NORMAL,PUBLIC_DATA,MA010120220807064130
str_01KZMSEJ2F39WQR8MCC7T8VTY5,compose,컴포즈커피 수원역점,경기도 수원시 팔달구 덕영대로 929,127.001544514382,37.2656785687235,NORMAL,PUBLIC_DATA,MA010120220805890100
str_01KZMSEJ2F39WQR8MCC7T8VTY6,ediya,이디야커피수원일월공원점,경기도 수원시 장안구 일월로 68,126.977501810539,37.2888782244219,NORMAL,PUBLIC_DATA,MA010120220808357879
str_01KZMSEJ2F39WQR8MCC7T8VTY7,paris,파리바게뜨수원매교역점,경기도 수원시 팔달구 인계로 20,127.018411063838,37.2693894387415,NORMAL,PUBLIC_DATA,MA010120220803916469
str_01KZMSEJ2F39WQR8MCC7T8VTY8,megamgc,메가엠지씨커피수원능실 마을점,경기도 수원시 권선구 호매실로104번길 90,126.961791745648,37.2681592884626,NORMAL,PUBLIC_DATA,MA010120220813082491
str_01KZMSEJ2F39WQR8MCC7T8VTY9,paris,파리바게뜨수원송 죽동점,경기도 수원시 장안구 경수대로 1020,127.000518879283,37.3069371428547,NORMAL,PUBLIC_DATA,MA010120220802444895
str_01KZMSEJ2F39WQR8MCC7T8VTYA,twosome,투썸플레이스 아주대점,경기도 수원시 영통구 월드컵로 199,127.044144930243,37.2792039817031,NORMAL,PUBLIC_DATA,MA010120220802448391
str_01KZMSEJ2F39WQR8MCC7T8VTYB,paris,파리바게뜨화서역점,경기도 수원시 팔달구 덕영대로697번길 17,126.990956087128,37.2849334676602,NORMAL,PUBLIC_DATA,MA010120220801409261
str_01KZMSEJ2F39WQR8MCC7T8VTYC,compose,컴포즈커피수원율현점,경기도 수원시 팔달구 일월로22번길 10,126.980716718064,37.2854278138894,NORMAL,PUBLIC_DATA,MA010120220812587862
str_01KZMSEJ2F39WQR8MCC7T8VTYD,megamgc,메가엠지씨커피수원율현점,경기도 수원시 팔달구 일월로22번길 11,126.980445989263,37.2857611538558,NORMAL,PUBLIC_DATA,MA010120220810876810
str_01KZMSEJ2F39WQR8MCC7T8VTYE,paris,파리바게뜨정자로얄점,경기도 수원시 장안구 송원로 20,127.006564095713,37.2970976448013,NORMAL,PUBLIC_DATA,MA010120220812923666
str_01KZMSEJ2F39WQR8MCC7T8VTYF,baskinrobbins,배스킨라빈스수원권선 자이점,경기도 수원시 권선구 권광로 55,127.025790884742,37.2550254448768,NORMAL,PUBLIC_DATA,MA010120220801437697
str_01KZMSEJ2F39WQR8MCC7T8VTYG,tourlesjours,뚜레쥬르카페서 수원점,경기도 수원시 권선구 서부로 1822-55,126.969805525505,37.2736038917092,NORMAL,PUBLIC_DATA,MA010120220802963765
str_01KZMSEJ2F39WQR8MCC7T8VTYH,ediya,이디야커피,경기도 수원시 영통구 영통로 115,127.056844327341,37.2379217902752,NORMAL,PUBLIC_DATA,MA010120220802469098
str_01KZMSEJ2F39WQR8MCC7T8VTYJ,paikdabang,빽다방수원 탑동점,경기도 수원시 권선구 탑동로3번길 13,126.974508792637,37.2688925532233,NORMAL,PUBLIC_DATA,MA010120220807165672
str_01KZMSEJ2F39WQR8MCC7T8VTYK,ediya,이디야커피수원영통디지털점,경기도 수원시 영통구 덕영대로1556번길 16,127.059171623234,37.2452641707971,NORMAL,PUBLIC_DATA,MA010120220814233919
str_01KZMSEJ2F39WQR8MCC7T8VTYM,megamgc,메가엠지씨커피수원산업단지점,경기도 수원시 권선구 산업로 180,126.98410878308,37.2424486062693,NORMAL,PUBLIC_DATA,MA010120220805064181
str_01KZMSEJ2F39WQR8MCC7T8VTYN,compose,컴포즈커피광교 법원점,경기도 수원시 영통구 광교중앙로266번길 30,127.068715633729,37.292311392101,NORMAL,PUBLIC_DATA,MA010120220805257281
str_01KZMSEJ2F39WQR8MCC7T8VTYP,compose,컴포즈커피 오목천점,경기도 수원시 권선구 매송고색로 526,126.962885329203,37.2452100650975,NORMAL,PUBLIC_DATA,MA010120220809872364
str_01KZMSEJ2F39WQR8MCC7T8VTYQ,paris,파리바게뜨율전주공점,경기도 수원시 장안구 상률로46번길 3,126.971056034804,37.3056991857006,NORMAL,PUBLIC_DATA,MA010120220812266990
str_01KZMSEJ2F39WQR8MCC7T8VTYR,megamgc,메가엠지씨커피수원파장점,경기도 수원시 장안구 파장로 63,126.993660750131,37.3057295863587,NORMAL,PUBLIC_DATA,MA010120220813607716
str_01KZMSEJ2F39WQR8MCC7T8VTYS,ediya,이디야커피,경기도 수원시 팔달구 덕영대로 924,127.000101464448,37.2656785787546,NORMAL,PUBLIC_DATA,MA010120220801436889
str_01KZMSEJ2F39WQR8MCC7T8VTYT,baskinrobbins,배스킨라빈스능실마을,경기도 수원시 권선구 호매실로104번길 24-61,126.962641916961,37.2588337730455,NORMAL,PUBLIC_DATA,MA010120220813650915
str_01KZMSEJ2F39WQR8MCC7T8VTYV,paikdabang,빽다방수원영통 중앙점,경기도 수원시 영통구 청명남로 31,127.075296491327,37.2529499332214,NORMAL,PUBLIC_DATA,MA010120220809900233
str_01KZMSEJ2F39WQR8MCC7T8VTYW,paris,파리바게뜨수원신 매탄점,경기도 수원시 영통구 효원로 381,127.043310407532,37.2593273189051,NORMAL,PUBLIC_DATA,MA010120220807774662
str_01KZMSEJ2F39WQR8MCC7T8VTYX,paris,파리바게뜨매탄위브점,경기도 수원시 영통구 인계로220번길 6-3,127.041272946912,37.2646982594472,NORMAL,PUBLIC_DATA,MA010120220803017594
str_01KZMSEJ2F39WQR8MCC7T8VTYY,baskinrobbins,배스킨라빈스,경기도 수원시 권선구 서부로 1937,126.966700750878,37.2830189265598,NORMAL,PUBLIC_DATA,MA010120220801333664
str_01KZMSEJ2F39WQR8MCC7T8VTYZ,megamgc,메가엠지씨커피수원 송죽점,경기도 수원시 장안구 송원로 1,127.004376006922,37.2961156153831,NORMAL,PUBLIC_DATA,MA010120220812197492
str_01KZMSEJ2F39WQR8MCC7T8VTZ0,twosome,투썸플레이스수원 인계점,경기도 수원시 팔달구 권광로 138,127.031620650664,37.2598536227361,NORMAL,PUBLIC_DATA,MA010120220802452488
str_01KZMSEJ2F39WQR8MCC7T8VTZ1,twosome,투썸플레이스수원 곡반정점,경기도 수원시 권선구 곡반정로 121,127.03073287978,37.2389766586335,NORMAL,PUBLIC_DATA,MA010120220805165824
str_01KZMSEJ2F39WQR8MCC7T8VTZ2,ediya,이디야커피,경기도 수원시 영통구 봉영로 1590,127.073436458152,37.2527799031285,NORMAL,PUBLIC_DATA,MA010120220800159678
str_01KZMSEJ2F39WQR8MCC7T8VTZ3,paris,파리바게뜨,경기도 수원시 장안구 수성로245번길 18,126.99908652374,37.2901958749123,NORMAL,PUBLIC_DATA,MA010120220802411280
str_01KZMSEJ2F39WQR8MCC7T8VTZ4,paikdabang,빽다방수원SK V1점,경기도 수원시 권선구 평동로79번길 45,126.992785303893,37.2598756461944,NORMAL,PUBLIC_DATA,MA010120220810141693
str_01KZMSEJ2F39WQR8MCC7T8VTZ5,paris,파리바게뜨 교동점,경기도 수원시 팔달구 매산로 99,127.011612817186,37.2707238418118,NORMAL,PUBLIC_DATA,MA010120220810054748
str_01KZMSEJ2F39WQR8MCC7T8VTZ6,baskinrobbins,배스킨라빈스수원정자,경기도 수원시 장안구 정자천로173번길 17,126.994146524036,37.2961515930267,NORMAL,PUBLIC_DATA,MA010120220802456468
str_01KZMSEJ2F39WQR8MCC7T8VTZ7,baskinrobbins,배스킨라빈스 송죽점,경기도 수원시 장안구 경수대로 957,127.005842757941,37.3033959287206,NORMAL,PUBLIC_DATA,MA010120220812351214
str_01KZMSEJ2F39WQR8MCC7T8VTZ8,paris,파리바게뜨북문점,경기도 수원시 장안구 정조로922번길 1,127.013476608494,37.2902762046758,NORMAL,PUBLIC_DATA,MA010120220802401831
str_01KZMSEJ2F39WQR8MCC7T8VTZ9,baskinrobbins,배스킨라빈스수원매탄２호점,경기도 수원시 영통구 효원로 383,127.043626011731,37.2592641300402,NORMAL,PUBLIC_DATA,MA010120220801371923
str_01KZMSEJ2F39WQR8MCC7T8VTZA,paris,파리바게뜨권선SK뷰점,경기도 수원시 권선구 세권로195번길 33,127.026062045481,37.2568454931244,NORMAL,PUBLIC_DATA,MA010120220803630100
str_01KZMSEJ2F39WQR8MCC7T8VTZB,paris,파리바게뜨수원인계한신점,경기도 수원시 팔달구 경수대로 549,127.029349415566,37.2750637899425,NORMAL,PUBLIC_DATA,MA010120220802457640
str_01KZMSEJ2F39WQR8MCC7T8VTZC,baskinrobbins,배스킨라빈스북수원 홈플러스점,경기도 수원시 장안구 경수대로 930,127.008809181137,37.3027650197533,NORMAL,PUBLIC_DATA,MA010120220813794678
str_01KZMSEJ2F39WQR8MCC7T8VTZD,tourlesjours,뚜레쥬르수원 정자점,경기도 수원시 장안구 대평로 80,126.993627770531,37.295538860863,NORMAL,PUBLIC_DATA,MA010120220803546531
str_01KZMSEJ2F39WQR8MCC7T8VTZE,compose,컴포즈커피수원영통 아이파크점,경기도 수원시 영통구 반달로35번길 30,127.077470772644,37.2517771737684,NORMAL,PUBLIC_DATA,MA010120220803034980
str_01KZMSEJ2F39WQR8MCC7T8VTZF,twosome,투썸플레이스,경기도 수원시 권선구 효원로 104,127.013100220302,37.2658670728252,NORMAL,PUBLIC_DATA,MA010120220810547499
str_01KZMSEJ2F39WQR8MCC7T8VTZG,paris,파리바게뜨,경기도 수원시 권선구 권중로56번길 1,127.031234326915,37.2524831908347,NORMAL,PUBLIC_DATA,MA010120220801408121
str_01KZMSEJ2F39WQR8MCC7T8VTZH,ediya,이디야수원메르디앙점,경기도 수원시 팔달구 경수대로604번길 19,127.031956057028,37.279946752206,NORMAL,PUBLIC_DATA,MA010120220810380610
str_01KZMSEJ2F39WQR8MCC7T8VTZJ,twosome,투썸플레이스,경기도 수원시 팔달구 매산로 37,127.005422915245,37.2685257463664,NORMAL,PUBLIC_DATA,MA010120220801435183
str_01KZMSEJ2F39WQR8MCC7T8VTZK,ediya,이디야 수원매탄점,경기도 수원시 영통구 효원로 393,127.044696843696,37.2591105533555,NORMAL,PUBLIC_DATA,MA010120220808736696
str_01KZMSEJ2F39WQR8MCC7T8VTZM,tourlesjours,뚜레쥬르수원판타지움점,경기도 수원시 영통구 덕영대로 1566,127.061899041333,37.2451276197835,NORMAL,PUBLIC_DATA,MA010120220810549021
str_01KZMSEJ2F39WQR8MCC7T8VTZN,ediya,이디야수원 로데오점,경기도 수원시 팔달구 갓매산로 46,127.0051072441,37.2686428957964,NORMAL,PUBLIC_DATA,MA010120220808605093
str_01KZMSEJ2F39WQR8MCC7T8VTZP,ediya,이디야커피,경기도 수원시 권선구 하탑로 38,126.975794121175,37.2687126147149,NORMAL,PUBLIC_DATA,MA010120220803540664
str_01KZMSEJ2F39WQR8MCC7T8VTZQ,megamgc,메가엠지씨커피화서역점,경기도 수원시 팔달구 덕영대로697번길 17,126.990956087128,37.2849334676602,NORMAL,PUBLIC_DATA,MA010120220804985916
str_01KZMSEJ2F39WQR8MCC7T8VTZR,megamgc,메가엠지씨커피수원연무 시장점,경기도 수원시 장안구 연무로13번길 58,127.026526195912,37.2946170017773,NORMAL,PUBLIC_DATA,MA010120220802423947
str_01KZMSEJ2F39WQR8MCC7T8VTZS,paris,파리바게뜨권선３지구점,경기도 수원시 권선구 동수원로 218-39,127.035955463294,37.2487515285002,NORMAL,PUBLIC_DATA,MA010120220801344476
str_01KZMSEJ2F39WQR8MCC7T8VTZT,tourlesjours,뚜레쥬르,경기도 수원시 영통구 봉영로 1606,127.074485817802,37.2538695104157,NORMAL,PUBLIC_DATA,MA010120220808084873
str_01KZMSEJ2F39WQR8MCC7T8VTZV,paikdabang,빽다방수원 남문점,경기도 수원시 팔달구 정조로 787-2,127.016530226053,37.2784631956165,NORMAL,PUBLIC_DATA,MA010120220813908857
str_01KZMSEJ2F39WQR8MCC7T8VTZW,paikdabang,빽다방수원못골 시장점,경기도 수원시 팔달구 중부대로 42,127.021434229887,37.2751465813095,NORMAL,PUBLIC_DATA,MA010120220812823944
str_01KZMSEJ2F39WQR8MCC7T8VTZX,compose,컴포즈커피수원 영통점,경기도 수원시 영통구 봉영로 1623,127.074735841345,37.2559327421489,NORMAL,PUBLIC_DATA,MA010120220808447920
str_01KZMSEJ2F39WQR8MCC7T8VTZY,ediya,이디야수원 호매실점,경기도 수원시 권선구 금곡로102번길 29,126.941753923653,37.272800497769,NORMAL,PUBLIC_DATA,MA010120220805410451
str_01KZMSEJ2F39WQR8MCC7T8VTZZ,megamgc,메가엠지씨커피 수원금곡점,경기도 수원시 권선구 금곡로102번길 29,126.941753923653,37.272800497769,NORMAL,PUBLIC_DATA,MA010120220803590573
str_01KZMSEJ2F39WQR8MCC7T8VV00,paikdabang,빽다방수원장안 CGV점,경기도 수원시 장안구 경수대로 940,127.008053504295,37.3031435088024,NORMAL,PUBLIC_DATA,MA010120220811755336
str_01KZMSEJ2F39WQR8MCC7T8VV01,baskinrobbins,배스킨라빈스수원율전점,경기도 수원시 장안구 서부로2181번길 4,126.972557190951,37.3031045596928,NORMAL,PUBLIC_DATA,MA010120220813966863
str_01KZMSEJ2F39WQR8MCC7T8VV02,megamgc,메가엠지씨커피망포역점,경기도 수원시 영통구 덕영대로 1547,127.060175568023,37.2463268977599,NORMAL,PUBLIC_DATA,MA010120220809716134
str_01KZMSEJ2F39WQR8MCC7T8VV03,ediya,이디야수원권선 중앙점,경기도 수원시 권선구 동수원로242번길 9,127.035190146044,37.2511845779334,NORMAL,PUBLIC_DATA,MA010120220801434411
str_01KZMSEJ2F39WQR8MCC7T8VV04,paris,파리바게뜨수원경희대점,경기도 수원시 영통구 덕영대로 1705,127.077850090665,37.2479655084304,NORMAL,PUBLIC_DATA,MA010120220800829205
str_01KZMSEJ2F39WQR8MCC7T8VV05,megamgc,메가엠지씨커피수원권선 중앙점,경기도 수원시 권선구 동수원로242번길 6,127.034998415203,37.2509413528517,NORMAL,PUBLIC_DATA,MA010120220813096001
str_01KZMSEJ2F39WQR8MCC7T8VV06,compose,컴포즈커피수원신 영통점,경기도 수원시 영통구 영통로112번길 30,127.056642457294,37.2392374140608,NORMAL,PUBLIC_DATA,MA010120220811795675
str_01KZMSEJ2F39WQR8MCC7T8VV07,tourlesjours,뚜레쥬르정자 시장점,경기도 수원시 장안구 수성로262번길 2,127.001161573858,37.2897363432505,NORMAL,PUBLIC_DATA,MA010120220805492623
str_01KZMSEJ2F39WQR8MCC7T8VV08,paikdabang,수원천천빽다방 롯데점,경기도 수원시 장안구 만석로19번길 25-3,126.983296690943,37.2963217562233,NORMAL,PUBLIC_DATA,MA010120220813915346
str_01KZMSEJ2F39WQR8MCC7T8VV09,baskinrobbins,배스킨라빈스광교호수마을,경기도 수원시 영통구 법조로149번길 110,127.068705371969,37.2934286846732,NORMAL,PUBLIC_DATA,MA010120220812805522
str_01KZMSEJ2F39WQR8MCC7T8VV0A,ediya,이디야 곡반정점,경기도 수원시 권선구 곡반정로97번길 20,127.029424995998,37.2374812543512,NORMAL,PUBLIC_DATA,MA010120220808570912
str_01KZMSEJ2F39WQR8MCC7T8VV0B,paris,파리바게뜨,경기도 수원시 권선구 곡선로50번길 37-2,127.028985301205,37.2370128187502,NORMAL,PUBLIC_DATA,MA010120220811860380
str_01KZMSEJ2F39WQR8MCC7T8VV0C,twosome,투썸플레이스 수원금곡점,경기도 수원시 권선구 매곡로 108,126.957855550213,37.2708520660814,NORMAL,PUBLIC_DATA,MA010120220809615868
str_01KZMSEJ2F39WQR8MCC7T8VV0D,paris,파리바게뜨화서 사거리점,경기도 수원시 팔달구 동말로 72,127.002097289814,37.2785814663606,NORMAL,PUBLIC_DATA,MA010120220803131083
str_01KZMSEJ2F39WQR8MCC7T8VV0E,megamgc,메가엠지씨커피수원아이파크시티점,경기도 수원시 권선구 동수원로177번길 40,127.030138648886,37.2466897597007,NORMAL,PUBLIC_DATA,MA010120220811694908
str_01KZMSEJ2F39WQR8MCC7T8VV0F,baskinrobbins,수원파장점배스킨라빈스,경기도 수원시 장안구 장안로 262,126.992047763784,37.3054862092965,NORMAL,PUBLIC_DATA,MA010120220801433610
str_01KZMSEJ2F39WQR8MCC7T8VV0G,paris,파리바게뜨수원탑동 삼성점,경기도 수원시 권선구 구운중로4번길 8,126.973897731231,37.2754069458069,NORMAL,PUBLIC_DATA,MA010120220812630722
str_01KZMSEJ2F39WQR8MCC7T8VV0H,tourlesjours,뚜레쥬르원천점,경기도 수원시 영통구 매봉로 53,127.053217408183,37.2727037506187,NORMAL,PUBLIC_DATA,MA010120220801383406
str_01KZMSEJ2F39WQR8MCC7T8VV0J,megamgc,메가엠지씨커피구운일월점,경기도 수원시 권선구 일월천로16번길 30,126.97488726758,37.2834984971791,NORMAL,PUBLIC_DATA,MA010120220805247104
str_01KZMSEJ2F39WQR8MCC7T8VV0K,twosome,투썸플레이스수원고색점,경기도 수원시 권선구 매송고색로794번길 225,126.990961017377,37.2436927701505,NORMAL,PUBLIC_DATA,MA010120220814344874
str_01KZMSEJ2F39WQR8MCC7T8VV0M,ediya,이디야커피성빈센트 병원점,경기도 수원시 팔달구 중부대로 93,127.027456215024,37.2779205417221,NORMAL,PUBLIC_DATA,MA010120220802453451
str_01KZMSEJ2F39WQR8MCC7T8VV0N,twosome,투썸플레이스수원천천점,경기도 수원시 장안구 만석로19번길 29,126.983116172122,37.2966100625164,NORMAL,PUBLIC_DATA,MA010120220809834196
str_01KZMSEJ2F39WQR8MCC7T8VV0P,megamgc,메가엠지씨커피수원황골 마을점,경기도 수원시 영통구 영통로 523,127.077360843824,37.2655271582563,NORMAL,PUBLIC_DATA,MA010120220809825794
str_01KZMSEJ2F39WQR8MCC7T8VV0Q,megamgc,메가엠지씨커피 수원망포점,경기도 수원시 영통구 태장로 83,127.055323940228,37.2393191315001,NORMAL,PUBLIC_DATA,MA010120220806338854
str_01KZMSEJ2F39WQR8MCC7T8VV0R,twosome,투썸플레이스,경기도 수원시 영통구 덕영대로 1545,127.059938864053,37.2463089969157,NORMAL,PUBLIC_DATA,MA010120220802449065
str_01KZMSEJ2F39WQR8MCC7T8VV0S,ediya,이디야황골마을,경기도 수원시 영통구 봉영로1759번길 7,127.081431120041,37.2659298974261,NORMAL,PUBLIC_DATA,MA010120220808398996
str_01KZMSEJ2F39WQR8MCC7T8VV0T,megamgc,메가엠지씨커피수원북문점,경기도 수원시 장안구 정조로 914,127.013983954086,37.2895102633423,NORMAL,PUBLIC_DATA,MA0101202301A0015282
str_01KZMSEJ2F39WQR8MCC7T8VV0V,compose,컴포즈커피수원센트럴 프라자점,경기도 수원시 팔달구 수원천로210번길 19,127.019302655353,37.2729754401584,NORMAL,PUBLIC_DATA,MA0101202301A0093609
str_01KZMSEJ2F39WQR8MCC7T8VV0W,twosome,투썸플레이스신동테크트리점,경기도 수원시 영통구 신원로 55,127.04785795817,37.2487473161453,NORMAL,PUBLIC_DATA,MA0101202301A0020773
str_01KZMSEJ2F39WQR8MCC7T8VV0X,tourlesjours,뚜레쥬르매교 힐스테이트점,경기도 수원시 팔달구 효원로93번길 33,127.012254837376,37.2668312780836,NORMAL,PUBLIC_DATA,MA0101202301A0056938
str_01KZMSEJ2F39WQR8MCC7T8VV0Y,paikdabang,빽다방수원권선 이마트점,경기도 수원시 권선구 덕영대로1201번길 28,127.022926321735,37.2503586268954,NORMAL,PUBLIC_DATA,MA0101202211A0018839
str_01KZMSEJ2F39WQR8MCC7T8VV0Z,tourlesjours,뚜레쥬르 호매실점,경기도 수원시 권선구 금곡로102번길 55,126.942092880964,37.2718725920531,NORMAL,PUBLIC_DATA,MA0101202211A0004968
str_01KZMSEJ2F39WQR8MCC7T8VV10,megamgc,메가엠지씨커피화서 블루밍점,경기도 수원시 팔달구 화양로 31,126.996842691675,37.2809241462317,NORMAL,PUBLIC_DATA,MA0101202211A0093110
str_01KZMSEJ2F39WQR8MCC7T8VV11,compose,컴포즈커피수원권선 시장점,경기도 수원시 권선구 세권로195번길 20-4,127.026118140502,37.2560705835281,NORMAL,PUBLIC_DATA,MA0101202212A0096929
str_01KZMSEJ2F39WQR8MCC7T8VV12,ediya,이디야커피수원 정자점,경기도 수원시 장안구 정자천로173번길 11-6,126.994281884981,37.2958812884579,NORMAL,PUBLIC_DATA,MA0101202209A0032539
str_01KZMSEJ2F39WQR8MCC7T8VV13,megamgc,메가엠지씨커피수원화서 사거리점,경기도 수원시 팔달구 동말로 79,127.002864054243,37.2789328558616,NORMAL,PUBLIC_DATA,MA0101202210A0082827
str_01KZMSEJ2F39WQR8MCC7T8VV14,paikdabang,빽다방수원매교 힐스테이트점,경기도 수원시 팔달구 효원로93번길 33,127.011815188009,37.2670655936222,NORMAL,PUBLIC_DATA,MA0101202210A0086625
str_01KZMSEJ2F39WQR8MCC7T8VV15,compose,컴포즈커피하구운 사거리점,경기도 수원시 권선구 구운중로3번길 5,126.97317616146,37.2752716284453,NORMAL,PUBLIC_DATA,MA0101202302A0079911
str_01KZMSEJ2F39WQR8MCC7T8VV16,compose,컴포즈커피망포플래티넘베이스점,경기도 수원시 영통구 덕영대로 1470,127.051000149158,37.2450337003884,NORMAL,PUBLIC_DATA,MA0101202301A0081718
str_01KZMSEJ2F39WQR8MCC7T8VV17,megamgc,메가엠지씨커피수원상률초점,경기도 수원시 장안구 덕영대로425번길 44,126.970154704997,37.3030318953334,NORMAL,PUBLIC_DATA,MA0101202211A0008326
str_01KZMSEJ2F39WQR8MCC7T8VV18,tourlesjours,뚜레쥬르천천점,경기도 수원시 장안구 정자천로13번길 15,126.978595541495,37.2894641021603,NORMAL,PUBLIC_DATA,MA0101202212A0006375
str_01KZMSEJ2F39WQR8MCC7T8VV19,megamgc,메가엠지씨커피수원역푸르지오 자이점,경기도 수원시 팔달구 팔달로 53,127.001860374853,37.2735356444611,NORMAL,PUBLIC_DATA,MA0101202212A0068900
str_01KZMSEJ2F39WQR8MCC7T8VV1A,megamgc,메가엠지씨커피영통청명점,경기도 수원시 영통구 봉영로 1623,127.074735841345,37.2559327421489,NORMAL,PUBLIC_DATA,MA0101202212A0072468
str_01KZMSEJ2G9C34PJ5JZ0HJ1WVJ,compose,컴포즈커피 수원망포점,경기도 수원시 영통구 영통로 195,127.055801600117,37.245184712774,NORMAL,PUBLIC_DATA,MA0101202212A0084435
str_01KZMSEJ2G9C34PJ5JZ0HJ1WVK,ediya,이디야광교아이스링크점,경기도 수원시 영통구 광교호수로 165,127.070060580908,37.2832641785013,NORMAL,PUBLIC_DATA,MA0101202212A0068649
str_01KZMSEJ2G9C34PJ5JZ0HJ1WVM,ediya,이디야수원화성갈비점,경기도 수원시 팔달구 중부대로34번길 25,127.020588294992,37.2740744932118,NORMAL,PUBLIC_DATA,MA0101202210A0008833
str_01KZMSEJ2G9C34PJ5JZ0HJ1WVN,compose,컴포즈커피수원권선고색점,경기도 수원시 권선구 산업로156번길 201,126.987196971664,37.2418092381126,NORMAL,PUBLIC_DATA,MA0101202209A0069516
str_01KZMSEJ2G9C34PJ5JZ0HJ1WVP,compose,컴포즈커피SKV1모터스점,경기도 수원시 권선구 평동로79번길 45,126.992785303893,37.2598756461944,NORMAL,PUBLIC_DATA,MA0101202211A0093370
str_01KZMSEJ2G9C34PJ5JZ0HJ1WVQ,compose,컴포즈커피수원영화점,경기도 수원시 장안구 수성로 323,127.007409510639,37.2922680339588,NORMAL,PUBLIC_DATA,MA0101202209A0056452
str_01KZMSEJ2G9C34PJ5JZ0HJ1WVR,compose,컴포즈커피수원 인계점,경기도 수원시 팔달구 효원로265번길 54,127.031915644733,37.2643497452813,NORMAL,PUBLIC_DATA,MA0101202210A0094628
str_01KZMSEJ2G9C34PJ5JZ0HJ1WVS,paikdabang,빽다방수원고색산업단지점,경기도 수원시 권선구 산업로 180,126.984142580964,37.2425116839811,NORMAL,PUBLIC_DATA,MA0101202209A0015463
str_01KZMSEJ2G9C34PJ5JZ0HJ1WVT,paris,파리바게뜨수원 시청역점,경기도 수원시 팔달구 권광로 181,127.032219775498,37.2637459646815,NORMAL,PUBLIC_DATA,MA0101202209A0063202
str_01KZMSEJ2G9C34PJ5JZ0HJ1WVV,megamgc,메가엠지씨커피망포늘푸른벽산점,경기도 수원시 영통구 영통로90번길 4-20,127.060608503661,37.2380460700702,NORMAL,PUBLIC_DATA,MA0101202209A0018465
str_01KZMSEJ2G9C34PJ5JZ0HJ1WVW,twosome,투썸플레이스동수원 사거리점,경기도 수원시 팔달구 중부대로 129,127.030207686459,37.2784514851701,NORMAL,PUBLIC_DATA,MA010120220812878171
str_01KZMSEJ2G9C34PJ5JZ0HJ1WVX,megamgc,메가엠지씨커피경희대국제캠퍼스점,경기도 수원시 영통구 덕영대로 1705,127.077850090665,37.2479655084304,NORMAL,PUBLIC_DATA,MA0101202209A0067092
str_01KZMSEJ2G9C34PJ5JZ0HJ1WVY,ediya,이디야커피한일타운점,경기도 수원시 장안구 송원로 113,127.011787199651,37.3044767292546,NORMAL,PUBLIC_DATA,MA0101202209A0010601
str_01KZMSEJ2G9C34PJ5JZ0HJ1WVZ,baskinrobbins,배스킨라빈스수원원천점,경기도 수원시 영통구 중부대로448번길 106,127.058816364388,37.2667181879431,NORMAL,PUBLIC_DATA,MA0101202209A0041519
str_01KZMSEJ2G9C34PJ5JZ0HJ1WW0,ediya,이디야수원 아주대점,경기도 수원시 영통구 월드컵로 191,127.044708653018,37.2790866349675,NORMAL,PUBLIC_DATA,MA0101202209A0089753
str_01KZMSEJ2G9C34PJ5JZ0HJ1WW1,ediya,이디야커피수원화홍문점,경기도 수원시 팔달구 화서문로75번길 27,127.016938096953,37.2871401463482,NORMAL,PUBLIC_DATA,MA0101202306A0022583
str_01KZMSEJ2G9C34PJ5JZ0HJ1WW2,megamgc,메가엠지씨커피수원우만점,경기도 수원시 팔달구 권광로340번길 53,127.040997528842,37.276547045598,NORMAL,PUBLIC_DATA,MA0101202305A0136485
str_01KZMSEJ2G9C34PJ5JZ0HJ1WW3,tourlesjours,뚜레쥬르정자 블루밍점,경기도 수원시 장안구 파장로 47,126.995465533919,37.3054773792393,NORMAL,PUBLIC_DATA,MA0101202305A0107725
str_01KZMSEJ2G9C34PJ5JZ0HJ1WW4,megamgc,메가엠지씨커피수원 삼성점,경기도 수원시 영통구 삼성로 210,127.059804078136,37.2611582636889,NORMAL,PUBLIC_DATA,MA0101202305A0169393
str_01KZMSEJ2G9C34PJ5JZ0HJ1WW5,megamgc,메가엠지씨커피수원권선 자이점,경기도 수원시 권선구 권중로76번길 27,127.02874336573,37.252799187069,NORMAL,PUBLIC_DATA,MA0101202305A0106125
str_01KZMSEJ2G9C34PJ5JZ0HJ1WW6,tourlesjours,뚜레쥬르 수원역점,경기도 수원시 팔달구 덕영대로 924,127.000101464448,37.2656785787546,NORMAL,PUBLIC_DATA,MA0101202303A0099677
str_01KZMSEJ2G9C34PJ5JZ0HJ1WW7,compose,컴포즈커피수원원천점,경기도 수원시 영통구 중부대로448번길 100,127.059109593422,37.2668531981483,NORMAL,PUBLIC_DATA,MA0101202305A0077945
str_01KZMSEJ2G9C34PJ5JZ0HJ1WW8,megamgc,메가엠지씨커피수원조원 중앙점,경기도 수원시 장안구 금당로 32,127.015170923529,37.3036744217922,NORMAL,PUBLIC_DATA,MA0101202303A0060321
str_01KZMSEJ2G9C34PJ5JZ0HJ1WW9,baskinrobbins,배스킨라빈스수원 연무점,경기도 수원시 장안구 창룡대로 175,127.029310988388,37.2922736470235,NORMAL,PUBLIC_DATA,MA0101202303A0040680
str_01KZMSEJ2G9C34PJ5JZ0HJ1WWA,megamgc,메가엠지씨커피수원월드메르디앙점,경기도 수원시 팔달구 중부대로143번길 11,127.032011990329,37.2788925205491,NORMAL,PUBLIC_DATA,MA0101202306A0055466
str_01KZMSEJ2G9C34PJ5JZ0HJ1WWB,paikdabang,빽다방빵연구소수원 영통점,경기도 수원시 영통구 중부대로447번길 9,127.063925867181,37.2695448092841,NORMAL,PUBLIC_DATA,MA0101202306A0038587
str_01KZMSEJ2G9C34PJ5JZ0HJ1WWC,paikdabang,빽다방수원율전점,경기도 수원시 장안구 서부로 2157,126.972411348545,37.3009420385649,NORMAL,PUBLIC_DATA,MA0101202306A0045980
str_01KZMSEJ2G9C34PJ5JZ0HJ1WWD,paris,파리바게뜨 법원점,경기도 수원시 영통구 동수원로 515,127.046779774645,37.273220062691,NORMAL,PUBLIC_DATA,MA0101202306A0023554
str_01KZMSEJ2G9C34PJ5JZ0HJ1WWE,compose,컴포즈커피수원금곡 빌리지점,경기도 수원시 권선구 금곡로73번길 71,126.934671459942,37.2749232569053,NORMAL,PUBLIC_DATA,MA0101202307A0044447
str_01KZMSEJ2G9C34PJ5JZ0HJ1WWF,compose,컴포즈커피수원영통역점,경기도 수원시 영통구 봉영로 1569,127.071023595658,37.2520605400011,NORMAL,PUBLIC_DATA,MA0101202306A0109544
str_01KZMSEJ2G9C34PJ5JZ0HJ1WWG,twosome,투썸플레이스수원여대점,경기도 수원시 권선구 온정로30번길 70,126.965756241621,37.2521399620601,NORMAL,PUBLIC_DATA,MA0101202305A0157992
str_01KZMSEJ2G9C34PJ5JZ0HJ1WWH,twosome,투썸플레이스수원 성균관대점,경기도 수원시 장안구 서부로2105번길 13,126.96944667612,37.296670395798,NORMAL,PUBLIC_DATA,MA0101202305A0065734
str_01KZMSEJ2G9C34PJ5JZ0HJ1WWJ,paris,파리바게뜨신영통 자이점,경기도 수원시 영통구 태장로 87,127.055650846684,37.2394271038249,NORMAL,PUBLIC_DATA,MA0101202305A0171226
str_01KZMSEJ2G9C34PJ5JZ0HJ1WWK,compose,컴포즈커피수원고색초점,경기도 수원시 권선구 매송고색로691번길 2,126.980195759159,37.2508817958605,NORMAL,PUBLIC_DATA,MA0101202302A0027365
str_01KZMSEJ2G9C34PJ5JZ0HJ1WWM,compose,컴포즈커피SKV1모터스점,경기도 수원시 권선구 평동로79번길 45,126.992785303893,37.2598756461944,NORMAL,PUBLIC_DATA,MA0101202302A0052988
str_01KZMSEJ2G9C34PJ5JZ0HJ1WWN,paikdabang,빽다방서수원 홈플러스점,경기도 수원시 권선구 금곡로196번길 62,126.95475358599,37.2732747211108,NORMAL,PUBLIC_DATA,MA0101202302A0091064
str_01KZMSEJ2G9C34PJ5JZ0HJ1WWP,tourlesjours,뚜레쥬르매교솔밭 사거리점,경기도 수원시 팔달구 세지로 150,127.02105927849,37.2648477472232,NORMAL,PUBLIC_DATA,MA0101202311A0053410
str_01KZMSEJ2G9C34PJ5JZ0HJ1WWQ,compose,컴포즈커피화서역브리시엘점,경기도 수원시 장안구 수성로157번길 60,126.989388138814,37.2884023365103,NORMAL,PUBLIC_DATA,MA0101202311A0059225
str_01KZMSEJ2G9C34PJ5JZ0HJ1WWR,megamgc,메가엠지씨커피수원만석공원점,경기도 수원시 장안구 정조로1088번길 18-1,127.003710917395,37.3029184655813,NORMAL,PUBLIC_DATA,MA0101202310A0097364
str_01KZMSEJ2G9C34PJ5JZ0HJ1WWS,megamgc,메가엠지씨커피수원경기대점,경기도 수원시 장안구 광교산로138번길 1,127.030385375812,37.2997249541915,NORMAL,PUBLIC_DATA,MA0101202308A0005213
str_01KZMSEJ2G9C34PJ5JZ0HJ1WWT,compose,컴포즈커피수원인계JK점,경기도 수원시 팔달구 인계로108번길 9,127.029470401575,37.2672607444169,NORMAL,PUBLIC_DATA,MA0101202307A0071719
str_01KZMSEJ2G9C34PJ5JZ0HJ1WWV,ediya,이디야광교플렉스 데시앙점,경기도 수원시 영통구 창룡대로256번길 50,127.038966382148,37.2953794417819,NORMAL,PUBLIC_DATA,MA0101202309A0045980
str_01KZMSEJ2G9C34PJ5JZ0HJ1WWW,megamgc,메가엠지씨커피수원권선SK뷰점,경기도 수원시 권선구 세권로195번길 33,127.026062045481,37.2568454931244,NORMAL,PUBLIC_DATA,MA0101202308A0078869
str_01KZMSEJ2G9C34PJ5JZ0HJ1WWX,ediya,이디야망포역점,경기도 수원시 영통구 영통로 195,127.055801600117,37.245184712774,NORMAL,PUBLIC_DATA,MA0101202308A0003311
str_01KZMSEJ2G9C34PJ5JZ0HJ1WWY,megamgc,메가엠지씨커피수원영통신나 무실점,경기도 수원시 영통구 매영로310번길 87,127.064124022735,37.2506047862745,NORMAL,PUBLIC_DATA,MA0101202308A0085388
str_01KZMSEJ2G9C34PJ5JZ0HJ1WWZ,megamgc,메가엠지씨커피수원 시청역점,경기도 수원시 팔달구 효원로 278,127.032432813581,37.2610427793798,NORMAL,PUBLIC_DATA,MA0101202311A0021674
str_01KZMSEJ2G9C34PJ5JZ0HJ1WX0,ediya,이디야커피수원인계한신점,경기도 수원시 팔달구 경수대로 549,127.029360687292,37.275054776743,NORMAL,PUBLIC_DATA,MA0101202311A0068835
str_01KZMSEJ2G9C34PJ5JZ0HJ1WX1,megamgc,메가엠지씨커피수원아이 파크자이점,경기도 수원시 팔달구 수원천로210번길 37,127.020148389227,37.2734077988028,NORMAL,PUBLIC_DATA,MA0101202311A0063875
str_01KZMSEJ2G9C34PJ5JZ0HJ1WX2,megamgc,메가엠지씨커피광교 센트럴점,경기도 수원시 영통구 센트럴타운로 106,127.050152664191,37.2927442009387,NORMAL,PUBLIC_DATA,MA0101202311A0105327
str_01KZMSEJ2G9C34PJ5JZ0HJ1WX3,megamgc,메가엠지씨커피수원 센트럴점,경기도 수원시 권선구 세류로 32,127.007282523866,37.2618489254428,NORMAL,PUBLIC_DATA,MA0101202309A0018732
str_01KZMSEJ2G9C34PJ5JZ0HJ1WX4,paris,파리바게뜨수원 센트럴점,경기도 수원시 팔달구 인계로 21,127.021218660091,37.2703711038031,NORMAL,PUBLIC_DATA,MA0101202309A0056233
str_01KZMSEJ2G9C34PJ5JZ0HJ1WX5,megamgc,메가엠지씨커피 수원역점,경기도 수원시 팔달구 덕영대로 923-1,127.001691085424,37.266183150172,NORMAL,PUBLIC_DATA,MA0101202308A0031640
str_01KZMSEJ2G9C34PJ5JZ0HJ1WX6,twosome,투썸플레이스수원 세류점,경기도 수원시 권선구 세류로 18,127.005647896262,37.2617769313029,NORMAL,PUBLIC_DATA,MA0101202310A0083514
str_01KZMSEJ2G9C34PJ5JZ0HJ1WX7,paris,파리바게뜨뉴웰빙타운점,경기도 수원시 영통구 웰빙타운로49번길 32,127.04685529266,37.3040986163414,NORMAL,PUBLIC_DATA,MA0101202310A0092446
str_01KZMSEJ2G9C34PJ5JZ0HJ1WX8,megamgc,메가엠지씨커피수원 인계점,경기도 수원시 팔달구 인계로166번길 48-21,127.033415152661,37.2646106337596,NORMAL,PUBLIC_DATA,MA0101202311A0101721
str_01KZMSEJ2G9C34PJ5JZ0HJ1WX9,compose,컴포즈커피 광교에듀타운점,경기도 수원시 영통구 에듀타운로 23,127.052008016265,37.2847602009471,NORMAL,PUBLIC_DATA,MA0101202310A0066300
str_01KZMSEJ2G9C34PJ5JZ0HJ1WXA,megamgc,메가엠지씨커피천천 중앙점,경기도 수원시 장안구 정자로 20,126.979088825647,37.300015339054,NORMAL,PUBLIC_DATA,MA0101202310A0048961
str_01KZMSEJ2G9C34PJ5JZ0HJ1WXB,megamgc,메가엠지씨커피광교엘포트몰점,경기도 수원시 영통구 광교중앙로 145,127.05778345471,37.2870912127844,NORMAL,PUBLIC_DATA,MA0101202308A0023096
str_01KZMSEJ2G9C34PJ5JZ0HJ1WXC,compose,컴포즈커피거북시장 사거리점,경기도 수원시 장안구 정조로 932,127.01304816944,37.2908889585953,NORMAL,PUBLIC_DATA,MA0101202307A0038810
str_01KZMSEJ2G9C34PJ5JZ0HJ1WXD,megamgc,메가엠지씨커피수원정자벽산점,경기도 수원시 장안구 정자천로188번길 53,126.997755656091,37.2943856831855,NORMAL,PUBLIC_DATA,MA0101202308A0092933
str_01KZMSEJ2G9C34PJ5JZ0HJ1WXE,megamgc,메가엠지씨커피수원인계한신점,경기도 수원시 팔달구 경수대로 549,127.029360687292,37.275054776743,NORMAL,PUBLIC_DATA,MA0101202308A0030232
str_01KZMSEJ2G9C34PJ5JZ0HJ1WXF,compose,컴포즈커피광교역경기대점,경기도 수원시 영통구 대학3로4번길 2,127.043107913403,37.2996038693454,NORMAL,PUBLIC_DATA,MA0101202306A0046114
str_01KZMSEJ2G9C34PJ5JZ0HJ1WXG,twosome,투썸플레이스수원 시청점,경기도 수원시 팔달구 권광로175번길 52,127.029457930669,37.2641881947203,NORMAL,PUBLIC_DATA,MA0101202307A0006400
str_01KZMSEJ2G9C34PJ5JZ0HJ1WXH,ediya,이디야수원서광교스위첸점,경기도 수원시 장안구 창훈로 30,127.030936418477,37.2957602486915,NORMAL,PUBLIC_DATA,MA0101202307A0016572
str_01KZMSEJ2G9C34PJ5JZ0HJ1WXJ,compose,컴포즈커피수원산드래미점,경기도 수원시 영통구 인계로 264,127.046356768188,37.2637052317785,NORMAL,PUBLIC_DATA,MA0101202406A0119372
str_01KZMSEJ2G9C34PJ5JZ0HJ1WXK,megamgc,메가엠지씨커피수원정자대평초점,경기도 수원시 장안구 만석로 99,126.992082291725,37.2989176566904,NORMAL,PUBLIC_DATA,MA0101202406A0252738
str_01KZMSEJ2G9C34PJ5JZ0HJ1WXM,compose,컴포즈커피수원능실 마을점,경기도 수원시 권선구 호매실로165번길 71,126.952135771961,37.2586587938506,NORMAL,PUBLIC_DATA,MA0101202406A0313997
str_01KZMSEJ2G9C34PJ5JZ0HJ1WXN,paris,파리바게뜨영통 롯데점,경기도 수원시 영통구 덕영대로1555번길 16,127.061584809192,37.2467857060259,NORMAL,PUBLIC_DATA,MA0101202406A0449975
str_01KZMSEJ2G9C34PJ5JZ0HJ1WXP,megamgc,메가엠지씨커피수원율전점,경기도 수원시 장안구 서부로2105번길 16-4,126.96948040226,37.2969407156389,NORMAL,PUBLIC_DATA,MA0101202406A0437611
str_01KZMSEJ2G9C34PJ5JZ0HJ1WXQ,compose,컴포즈커피수원역 로데오점,경기도 수원시 팔달구 갓매산로 43,127.005039576264,37.2683095133455,NORMAL,PUBLIC_DATA,MA0101202406A0083951
str_01KZMSEJ2G9C34PJ5JZ0HJ1WXR,megamgc,메가엠지씨커피화서역점,경기도 수원시 팔달구 덕영대로697번길 17,126.990956087128,37.2849334676602,NORMAL,PUBLIC_DATA,MA0101202406A0440912
str_01KZMSEJ2G9C34PJ5JZ0HJ1WXS,megamgc,메가엠지씨커피수원한일타운점,경기도 수원시 장안구 경수대로994번길 34,127.004151026337,37.3067929054924,NORMAL,PUBLIC_DATA,MA0101202406A0361723
str_01KZMSEJ2G9C34PJ5JZ0HJ1WXT,paris,파리바게뜨수원역 푸르지오점,경기도 수원시 팔달구 팔달로 53,127.001860374853,37.2735356444611,NORMAL,PUBLIC_DATA,MA0101202406A0219966
str_01KZMSEJ2G9C34PJ5JZ0HJ1WXV,baskinrobbins,배스킨라빈스수원매교 힐스테이트점,경기도 수원시 권선구 효원로 88,127.011397952324,37.2664258948847,NORMAL,PUBLIC_DATA,MA0101202406A0220138
str_01KZMSEJ2G9C34PJ5JZ0HJ1WXW,compose,컴포즈커피수원화서 블루밍점,경기도 수원시 팔달구 화양로35번길 12,126.996211225494,37.2810142316633,NORMAL,PUBLIC_DATA,MA0101202406A0453235
str_01KZMSEJ2G9C34PJ5JZ0HJ1WXX,megamgc,메가엠지씨커피수원인계리치안점,경기도 수원시 팔달구 경수대로466번길 59,127.030744238694,37.2669360454765,NORMAL,PUBLIC_DATA,MA0101202406A0101097
str_01KZMSEJ2G9C34PJ5JZ0HJ1WXY,paikdabang,빽다방광교경기대 후문점,경기도 수원시 영통구 대학로 46,127.04430367085,37.2999368113363,NORMAL,PUBLIC_DATA,MA0101202406A0520189
str_01KZMSEJ2G9C34PJ5JZ0HJ1WXZ,twosome,투썸플레이스수원화서역점,경기도 수원시 팔달구 수성로157번길 59,126.988734019939,37.2886725875869,NORMAL,PUBLIC_DATA,MA0101202406A0299225
str_01KZMSEJ2G9C34PJ5JZ0HJ1WY0,ediya,이디야커피 광교에듀타운점,경기도 수원시 영통구 도청로17번길 40,127.05277500592,37.2850121523629,NORMAL,PUBLIC_DATA,MA0101202406A0363078
str_01KZMSEJ2G9C34PJ5JZ0HJ1WY1,baskinrobbins,배스킨라빈스영통 홈플러스점,경기도 수원시 영통구 봉영로 1576,127.072601404076,37.251807290821,NORMAL,PUBLIC_DATA,MA0101202406A0046076
str_01KZMSEJ2G9C34PJ5JZ0HJ1WY2,paris,파리바게뜨영통 힐스테이트점,경기도 수원시 영통구 망포로 142,127.04937448118,37.2409256228651,NORMAL,PUBLIC_DATA,MA0101202406A0121873
str_01KZMSEJ2G9C34PJ5JZ0HJ1WY3,compose,컴포즈커피수원 성균관대점,경기도 수원시 장안구 서부로 2123,126.97092358771,37.2981394582187,NORMAL,PUBLIC_DATA,MA0101202406A0167986
str_01KZMSEJ2G9C34PJ5JZ0HJ1WY4,megamgc,메가엠지씨커피아주대 삼거리점,경기도 수원시 영통구 중부대로 260,127.044164644509,37.2743473679369,NORMAL,PUBLIC_DATA,MA0101202406A0246389
str_01KZMSEJ2G9C34PJ5JZ0HJ1WY5,compose,컴포즈커피삼성전기드림 프라자점,경기도 수원시 영통구 매영로 150,127.05869120382,37.2652405415979,NORMAL,PUBLIC_DATA,MA0101202406A0449010
str_01KZMSEJ2G9C34PJ5JZ0HJ1WY6,megamgc,메가엠지씨커피수원 아주대점,경기도 수원시 영통구 아주로 42,127.044065610657,37.2785372417808,NORMAL,PUBLIC_DATA,MA0101202406A0171439
str_01KZMSEJ2G9C34PJ5JZ0HJ1WY7,baskinrobbins,배스킨라빈스수원화서트레이더스점,경기도 수원시 장안구 수성로 175,126.991542196154,37.2874293884238,NORMAL,PUBLIC_DATA,MA0101202406A0026849
str_01KZMSEJ2G9C34PJ5JZ0HJ1WY8,paris,파리바게뜨수원아이파크시티점,경기도 수원시 권선구 동수원로146번길 9,127.030960012523,37.2432205243888,NORMAL,PUBLIC_DATA,MA0101202406A0223623
str_01KZMSEJ2G9C34PJ5JZ0HJ1WY9,megamgc,메가엠지씨커피수원국세청 삼거리점,경기도 수원시 장안구 경수대로 1110-12,126.992227665066,37.3110726408076,NORMAL,PUBLIC_DATA,MA0101202406A0238178
str_01KZMSEJ2G9C34PJ5JZ0HJ1WYA,compose,컴포즈커피수원 송죽점,경기도 수원시 장안구 경수대로973번길 18,127.004094459931,37.3037203751265,NORMAL,PUBLIC_DATA,MA0101202406A0234911
str_01KZMSEJ2G9C34PJ5JZ0HJ1WYB,megamgc,메가엠지씨커피수원영복 사거리점,경기도 수원시 장안구 장안로 26,127.006055786846,37.2874205252978,NORMAL,PUBLIC_DATA,MA0101202406A0340696
str_01KZMSEJ2G9C34PJ5JZ0HJ1WYC,megamgc,메가엠지씨커피광교에듀타운 삼거리점,경기도 수원시 영통구 에듀타운로 101,127.046112869223,37.2889434633933,NORMAL,PUBLIC_DATA,MA0101202406A0086911
str_01KZMSEJ2G9C34PJ5JZ0HJ1WYD,ediya,이디야수원 터미널점,경기도 수원시 권선구 경수대로 270,127.020694509222,37.2501878395728,NORMAL,PUBLIC_DATA,MA0101202406A0006626
str_01KZMSEJ2G9C34PJ5JZ0HJ1WYE,compose,컴포즈커피수원 조원점,경기도 수원시 장안구 조원로 69,127.017290526194,37.2995563946621,NORMAL,PUBLIC_DATA,MA0101202406A0436728
str_01KZMSEJ2G9C34PJ5JZ0HJ1WYF,megamgc,메가엠지씨커피수원하늘채점,경기도 수원시 권선구 곡반정로 155-1,127.032976796364,37.2417692968215,NORMAL,PUBLIC_DATA,MA0101202311A0104096
str_01KZMSEJ2G9C34PJ5JZ0HJ1WYG,tourlesjours,뚜레쥬르베이커리 수원망포점,경기도 수원시 영통구 태장로 73,127.054309662556,37.2393376219158,NORMAL,PUBLIC_DATA,MA0101202311A0017544
str_01KZMSEJ2G9C34PJ5JZ0HJ1WYH,compose,컴포즈커피수원권선 세류점,경기도 수원시 권선구 세지로 74-1,127.017777142048,37.258513956663,NORMAL,PUBLIC_DATA,MA0101202406A0035369
str_01KZMSEJ2G9C34PJ5JZ0HJ1WYJ,compose,컴포즈커피수원우만점,경기도 수원시 팔달구 중부대로223번길 4,127.040963477914,37.276132578881,NORMAL,PUBLIC_DATA,MA0101202311A0053586
str_01KZMSEJ2G9C34PJ5JZ0HJ1WYK,paikdabang,빽다방동수원 사거리점,경기도 수원시 팔달구 경수대로 603,127.030241920998,37.2794696514661,NORMAL,PUBLIC_DATA,MA0101202409A0006727
str_01KZMSEJ2G9C34PJ5JZ0HJ1WYM,twosome,투썸플레이스수원영통 구청점,경기도 수원시 영통구 매탄로108번길 52,127.045283225827,37.2594347059553,NORMAL,PUBLIC_DATA,MA0101202406A0001917
str_01KZMSEJ2G9C34PJ5JZ0HJ1WYN,tourlesjours,뚜레쥬르,경기도 수원시 권선구 동수원로145번길 24,127.029788691165,37.2452752077802,NORMAL,PUBLIC_DATA,MA0101202406A0154657
str_01KZMSEJ2G9C34PJ5JZ0HJ1WYP,baskinrobbins,배스킨라빈스광교 이마트점,경기도 수원시 영통구 광교로 191,127.046951991539,37.2963496635734,NORMAL,PUBLIC_DATA,MA0101202406A0171106
str_01KZMSEJ2G9C34PJ5JZ0HJ1WYQ,compose,컴포즈커피수원 탑동점,경기도 수원시 권선구 탑동로 5,126.975072371286,37.2693071522603,NORMAL,PUBLIC_DATA,MA0101202409A0003222
str_01KZMSEJ2G9C34PJ5JZ0HJ1WYR,megamgc,메가엠지씨커피광교 호수공원점,경기도 수원시 영통구 법조로 38,127.062147496483,37.2868907734938,NORMAL,PUBLIC_DATA,MA0101202406A0119442
str_01KZMSEJ2G9C34PJ5JZ0HJ1WYS,paikdabang,빽다방수원화서 시장점,경기도 수원시 팔달구 동말로 53,126.999988724192,37.2789599217044,NORMAL,PUBLIC_DATA,MA0101202406A0143500
str_01KZMSEJ2G9C34PJ5JZ0HJ1WYT,paris,파리바게뜨수원하늘채점,경기도 수원시 권선구 곡반정로 160,127.034160157769,37.241732919554,NORMAL,PUBLIC_DATA,MA0101202406A0152145
str_01KZMSEJ2G9C34PJ5JZ0HJ1WYV,megamgc,메가엠지씨커피광교 중앙점,경기도 수원시 영통구 에듀타운로 25,127.051760046801,37.2849315070255,NORMAL,PUBLIC_DATA,MA0101202406A0454739
str_01KZMSEJ2G9C34PJ5JZ0HJ1WYW,compose,컴포즈커피수원행리단길점,경기도 수원시 팔달구 화서문로 60,127.014716208305,37.2855275840641,NORMAL,PUBLIC_DATA,MA0101202406A0157861
str_01KZMSEJ2G9C34PJ5JZ0HJ1WYX,megamgc,메가엠지씨커피광교중흥어뮤즈 스퀘어점,경기도 수원시 영통구 광교호수공원로 277,127.056777437695,37.2839470743045,NORMAL,PUBLIC_DATA,MA0101202406A0135267
str_01KZMSEJ2G9C34PJ5JZ0HJ1WYY,compose,컴포즈커피수원구매탄 시장점,경기도 수원시 영통구 중부대로246번길 41,127.042010426248,37.2731407575689,NORMAL,PUBLIC_DATA,MA0101202406A0028556
str_01KZMSEJ2G9C34PJ5JZ0HJ1WYZ,tourlesjours,뚜레쥬르수원역로데오,경기도 수원시 팔달구 향교로1번길 1,127.000890656045,37.2676878985787,NORMAL,PUBLIC_DATA,MA0101202406A0036122
str_01KZMSEJ2G9C34PJ5JZ0HJ1WZ0,compose,컴포즈커피광교더샵레이크시티점,경기도 수원시 영통구 광교호수공원로 20,127.060161315256,37.270925375024,NORMAL,PUBLIC_DATA,MA0101202406A0498579
str_01KZMSEJ2G9C34PJ5JZ0HJ1WZ1,megamgc,메가엠지씨커피매탄권선역점,경기도 수원시 영통구 권선로 815-1,127.039599291163,37.2548594441469,NORMAL,PUBLIC_DATA,MA0101202406A0041782
str_01KZMSEJ2G9C34PJ5JZ0HJ1WZ2,twosome,투썸플레이스 송죽점,경기도 수원시 장안구 송원로 25,127.006011515169,37.2979356386199,NORMAL,PUBLIC_DATA,MA0101202406A0241119
str_01KZMSEJ2G9C34PJ5JZ0HJ1WZ3,ediya,이디야커피남부경찰서점,경기도 수원시 영통구 중부대로368번길 8-8,127.055449250913,37.2719098104093,NORMAL,PUBLIC_DATA,MA0101202406A0009773
str_01KZMSEJ2G9C34PJ5JZ0HJ1WZ4,megamgc,메가엠지씨커피수원인계초점,경기도 수원시 팔달구 장다리로 247,127.026619681523,37.2718567303261,NORMAL,PUBLIC_DATA,MA0101202406A0014581
str_01KZMSEJ2G9C34PJ5JZ0HJ1WZ5,compose,컴포즈커피삼성전기 2단지점,경기도 수원시 영통구 매영로 150,127.05869120382,37.2652405415979,NORMAL,PUBLIC_DATA,MA0101202406A0302298
str_01KZMSEJ2G9C34PJ5JZ0HJ1WZ6,compose,컴포즈커피수원청점 장안구,경기도 수원시 장안구 송원로 81,127.009226440447,37.3021342625489,NORMAL,PUBLIC_DATA,MA0101202409A0241216
str_01KZMSEJ2G9C34PJ5JZ0HJ1WZ7,twosome,투썸플레이스 수원역점,경기도 수원시 팔달구 향교로 1,127.00129652416,37.2676608635813,NORMAL,PUBLIC_DATA,MA0101202409A0034989
str_01KZMSEJ2G9C34PJ5JZ0HJ1WZ8,paikdabang,빽다방수원탑동초교점,경기도 수원시 권선구 금호로 220,126.974100825123,37.2750015222161,NORMAL,PUBLIC_DATA,MA0101202409A0075045
str_01KZMSEJ2G9C34PJ5JZ0HJ1WZ9,megamgc,메가엠지씨커피화서꽃뫼 사거리점,경기도 수원시 팔달구 화산로 6,126.986095745273,37.2853925263903,NORMAL,PUBLIC_DATA,MA0101202409A0116292
str_01KZMSEJ2G9C34PJ5JZ0HJ1WZA,paikdabang,빽다방수원 오목천점,경기도 수원시 권선구 삼천병마로1592번길 3,126.963753304067,37.244949030909,NORMAL,PUBLIC_DATA,MA0101202409A0230376
str_01KZMSEJ2G9C34PJ5JZ0HJ1WZB,megamgc,메가엠지씨커피인계파밀리에점,경기도 수원시 팔달구 세지로 211,127.023202998847,37.2704428148137,NORMAL,PUBLIC_DATA,MA0101202409A0181187
str_01KZMSEJ2G9C34PJ5JZ0HJ1WZC,megamgc,메가엠지씨커피수원 터미널점,경기도 수원시 권선구 덕영대로1201번길 36,127.023084247046,37.2507640661041,NORMAL,PUBLIC_DATA,MA0101202409A0202105
str_01KZMSEJ2G9C34PJ5JZ0HJ1WZD,paikdabang,빽다방수원망포역점,경기도 수원시 영통구 덕영대로 1535,127.058845562292,37.2462825139297,NORMAL,PUBLIC_DATA,MA0101202409A0005166
str_01KZMSEJ2G9C34PJ5JZ0HJ1WZE,paikdabang,빽다방수원북문점,경기도 수원시 장안구 정조로933번길 3,127.012563198704,37.2906817723053,NORMAL,PUBLIC_DATA,MA0101202411A0015668
str_01KZMSEJ2G9C34PJ5JZ0HJ1WZF,paikdabang,빽다방수원매탄위브점,경기도 수원시 영통구 인계로220번길 10,127.041250320923,37.2645541006104,NORMAL,PUBLIC_DATA,MA0101202411A0185541
str_01KZMSEJ2G9C34PJ5JZ0HJ1WZG,paris,파리바게뜨한일점,경기도 수원시 장안구 경수대로 971,127.004556944058,37.3041258244583,NORMAL,PUBLIC_DATA,MA0101202411A0040713
str_01KZMSEJ2G9C34PJ5JZ0HJ1WZH,ediya,이디야커피수원 시청점,경기도 수원시 팔달구 효원로219번길 33,127.026278999716,37.2648376932851,NORMAL,PUBLIC_DATA,MA0101202411A0045828
str_01KZMSEJ2G9C34PJ5JZ0HJ1WZJ,megamgc,메가엠지씨커피힐스에비뉴광교 중앙역점,경기도 수원시 영통구 도청로66번길 6,127.05137955522,37.2892206163064,NORMAL,PUBLIC_DATA,MA0101202411A0091610
str_01KZMSEJ2G9C34PJ5JZ0HJ1WZK,megamgc,메가엠지씨커피영통느티나무 삼거리점,경기도 수원시 영통구 청명남로60번길 1,127.07752988276,37.2544622450358,NORMAL,PUBLIC_DATA,MA0101202412A0004217
str_01KZMSEJ2G9C34PJ5JZ0HJ1WZM,megamgc,메가엠지씨커피수원상공회의소점,경기도 수원시 장안구 수성로 305,127.005661404646,37.2916283935675,NORMAL,PUBLIC_DATA,MA0101202412A0091474
str_01KZMSEJ2G9C34PJ5JZ0HJ1WZN,megamgc,메가엠지씨커피수원광교초점,경기도 수원시 영통구 대학로 101,127.047171300342,37.3043868223142,NORMAL,PUBLIC_DATA,MA0101202411A0036876
str_01KZMSEJ2G9C34PJ5JZ0HJ1WZP,twosome,투썸플레이스광교이루리타워,경기도 수원시 영통구 도청로89번길 30,127.047026958105,37.2899522665493,NORMAL,PUBLIC_DATA,MA0101202411A0001866
str_01KZMSEJ2G9C34PJ5JZ0HJ1WZQ,megamgc,메가엠지씨커피호매실한양수자인점,경기도 수원시 권선구 칠보로 136,126.953585653157,37.2656784911712,NORMAL,PUBLIC_DATA,MA0101202411A0097980
str_01KZMSEJ2G9C34PJ5JZ0HJ1WZR,paikdabang,빽다방수원인계 중앙점,경기도 수원시 팔달구 인계로166번길 48-21,127.033415152661,37.2646106337596,NORMAL,PUBLIC_DATA,MA0101202411A0090468
str_01KZMSEJ2G9C34PJ5JZ0HJ1WZS,paikdabang,빽다방수원금곡칠보점,경기도 수원시 권선구 금곡로 100,126.94129081382,37.2738815177541,NORMAL,PUBLIC_DATA,MA0101202411A0145266
str_01KZMSEJ2G9C34PJ5JZ0HJ1WZT,paikdabang,빽다방수원권선웰빙점,경기도 수원시 권선구 세지로 73,127.017461519349,37.2585770766404,NORMAL,PUBLIC_DATA,MA0101202411A0002210
str_01KZMSEJ2G9C34PJ5JZ0HJ1WZV,compose,컴포즈커피광교경기도청점,경기도 수원시 영통구 도청로66번길 6,127.05137955522,37.2892206163064,NORMAL,PUBLIC_DATA,MA0101202411A0038712
str_01KZMSEJ2G9C34PJ5JZ0HJ1WZW,compose,컴포즈커피수원 시청역점,경기도 수원시 팔달구 효원로 278,127.032432813581,37.2610427793798,NORMAL,PUBLIC_DATA,MA0101202411A0002715
str_01KZMSEJ2G9C34PJ5JZ0HJ1WZX,megamgc,메가엠지씨커피수원지동 시장점,경기도 수원시 팔달구 팔달문로 19,127.019630902994,37.2778860564378,NORMAL,PUBLIC_DATA,MA0101202411A0141638
str_01KZMSEJ2G9C34PJ5JZ0HJ1WZY,megamgc,메가엠지씨커피매교솔밭 사거리점,경기도 수원시 팔달구 세지로 148,127.020991583753,37.2646585404164,NORMAL,PUBLIC_DATA,MA0101202411A0020135
str_01KZMSEJ2G9C34PJ5JZ0HJ1WZZ,compose,컴포즈커피수원영통벽적골점,경기도 수원시 영통구 덕영대로1555번길 16,127.061584809192,37.2467857060259,NORMAL,PUBLIC_DATA,MA0101202411A0119150
str_01KZMSEJ2G9C34PJ5JZ0HJ1X00,compose,컴포즈커피수원권선 중앙점,경기도 수원시 권선구 동수원로242번길 6,127.034998415203,37.2509413528517,NORMAL,PUBLIC_DATA,MA0101202505A0053568
str_01KZMSEJ2G9C34PJ5JZ0HJ1X01,megamgc,메가엠지씨커피수원더샵 광교점,경기도 수원시 영통구 광교호수공원로 20,127.060161315256,37.270925375024,NORMAL,PUBLIC_DATA,MA0101202505A0018822
str_01KZMSEJ2G9C34PJ5JZ0HJ1X02,ediya,이디야,경기도 수원시 영통구 중부대로448번길 97,127.059402462538,37.2665286765778,NORMAL,PUBLIC_DATA,MA0101202505A0055357
str_01KZMSEJ2G9C34PJ5JZ0HJ1X03,megamgc,메가엠지씨커피수원정자 시장점,경기도 수원시 장안구 수성로262번길 3,127.001488621588,37.2898714953245,NORMAL,PUBLIC_DATA,MA0101202504A0105772
str_01KZMSEJ2G9C34PJ5JZ0HJ1X04,compose,컴포즈커피수원경희대점,경기도 수원시 영통구 영일로6번길 35,127.07789556492,37.248343917158,NORMAL,PUBLIC_DATA,MA0101202505A0072909
str_01KZMSEJ2G9C34PJ5JZ0HJ1X05,megamgc,메가엠지씨커피수원 연무점,경기도 수원시 장안구 창룡대로 189,127.030653162765,37.2925616391392,NORMAL,PUBLIC_DATA,MA0101202501A0044234
str_01KZMSEJ2G9C34PJ5JZ0HJ1X06,twosome,투썸플레이스청점 장안구,경기도 수원시 장안구 경수대로 940,127.008042224877,37.3031435095694,NORMAL,PUBLIC_DATA,MA0101202502A0082033
str_01KZMSEJ2G9C34PJ5JZ0HJ1X07,megamgc,메가엠지씨커피망포영동중점,경기도 수원시 영통구 영통로 215,127.056817051609,37.246625901607,NORMAL,PUBLIC_DATA,MA0101202502A0089576
str_01KZMSEJ2G9C34PJ5JZ0HJ1X08,ediya,이디야커피수원체육문화 센터점,경기도 수원시 영통구 영통로 383,127.067805694031,37.2585679592527,NORMAL,PUBLIC_DATA,MA0101202502A0024468
str_01KZMSEJ2G9C34PJ5JZ0HJ1X09,megamgc,메가엠지씨커피권선아이파크 2단지점,경기도 수원시 권선구 동수원로145번길 24,127.029788691165,37.2452752077802,NORMAL,PUBLIC_DATA,MA0101202501A0039952
str_01KZMSEJ2G9C34PJ5JZ0HJ1X0A,compose,컴포즈커피영통플래티넘베이스점,경기도 수원시 영통구 망포로 142,127.049453354469,37.2408985585853,NORMAL,PUBLIC_DATA,MA0101202501A0009361
str_01KZMSEJ2G9C34PJ5JZ0HJ1X0B,megamgc,메가엠지씨커피수원법원 사거리점,경기도 수원시 영통구 매여울로40번길 37,127.047095080315,37.2725892091657,NORMAL,PUBLIC_DATA,MA0101202501A0076574
str_01KZMSEJ2G9C34PJ5JZ0HJ1X0C,megamgc,메가엠지씨커피권선행정타운점,경기도 수원시 권선구 호매실로 15,126.971931741959,37.2560521164351,NORMAL,PUBLIC_DATA,MA0101202501A0076269
str_01KZMSEJ2G9C34PJ5JZ0HJ1X0D,compose,컴포즈커피수원정자 시장점,경기도 수원시 장안구 수성로 261,127.000834532075,37.2900336886215,NORMAL,PUBLIC_DATA,MA0101202504A0039267
str_01KZMSEJ2G9C34PJ5JZ0HJ1X0E,megamgc,메가엠지씨커피수원조원 시장점,경기도 수원시 장안구 조원로 93,127.015238084207,37.3011154700588,NORMAL,PUBLIC_DATA,MA0101202504A0030115
str_01KZMSEJ2G9C34PJ5JZ0HJ1X0F,megamgc,메가엠지씨커피곡반 한솔점,경기도 수원시 권선구 동수원로58번길 18,127.026280091653,37.2355267234459,NORMAL,PUBLIC_DATA,MA0101202504A0078131
str_01KZMSEJ2G9C34PJ5JZ0HJ1X0G,megamgc,메가엠지씨커피수원 시청점,경기도 수원시 팔달구 경수대로446번길 35,127.028455115551,37.2656120863524,NORMAL,PUBLIC_DATA,MA0101202502A0001299
str_01KZMSEJ2G9C34PJ5JZ0HJ1X0H,megamgc,메가엠지씨커피수원 교동점,경기도 수원시 팔달구 매산로 133,127.014995496603,37.2722642418174,NORMAL,PUBLIC_DATA,MA0101202502A0096908
str_01KZMSEJ2G9C34PJ5JZ0HJ1X0J,megamgc,메가엠지씨커피수원산남중점,경기도 수원시 영통구 매영로 58,127.049020451587,37.2685337427031,NORMAL,PUBLIC_DATA,MA0101202502A0108534
str_01KZMSEJ2G9C34PJ5JZ0HJ1X0K,megamgc,메가엠지씨커피수원버드내도서관점,경기도 수원시 권선구 세지로 57,127.016751035638,37.257225614651,NORMAL,PUBLIC_DATA,MA0101202502A0074353
str_01KZMSEJ2G9C34PJ5JZ0HJ1X0M,compose,컴포즈커피수원 아주대점,경기도 수원시 팔달구 아주로 49,127.043502233219,37.2792492716191,NORMAL,PUBLIC_DATA,MA0101202412A0082290
str_01KZMSEJ2G9C34PJ5JZ0HJ1X0N,twosome,투썸플레이스수원역AK점,경기도 수원시 팔달구 덕영대로 924,127.000101464448,37.2656785787546,NORMAL,PUBLIC_DATA,MA0106202310A1181616
str_01KZMSEJ2G9C34PJ5JZ0HJ1X0P,twosome,투썸플레이스,경기도 수원시 영통구 광교로42번길 55,127.042119551813,37.2868725632781,NORMAL,PUBLIC_DATA,MA0106202201A1168541
str_01KZMSEJ2G9C34PJ5JZ0HJ1X0Q,paris,파리바게뜨영통뉴월드점,경기도 수원시 영통구 봉영로 1569,127.071023595658,37.2520605400011,NORMAL,PUBLIC_DATA,MA0106202201A0350979
str_01KZMSEJ2G9C34PJ5JZ0HJ1X0R,twosome,투썸플레이스영통역점 롯데마트,경기도 수원시 영통구 봉영로 1579,127.071655464387,37.2527449525594,NORMAL,PUBLIC_DATA,MA0106202201A1168565
str_01KZMSEJ2G9C34PJ5JZ0HJ1X0S,paris,파리바게뜨영통1단지,경기도 수원시 영통구 영통로 515,127.077461541976,37.2647792277424,NORMAL,PUBLIC_DATA,MA0106202201A0194624
str_01KZMSEJ2G9C34PJ5JZ0HJ1X0T,paris,대아파리바게뜨아주대 병원점,경기도 수원시 영통구 월드컵로 164,127.047516559583,37.2794459570874,NORMAL,PUBLIC_DATA,MA0106202201A0362899
str_01KZMSEJ2G9C34PJ5JZ0HJ1X0V,tourlesjours,뚜레쥬르망포역플래티넘점,경기도 수원시 영통구 덕영대로 1470,127.051000149158,37.2450337003884,NORMAL,PUBLIC_DATA,MA0101202503A0025377
str_01KZMSEJ2G9C34PJ5JZ0HJ1X0W,megamgc,메가엠지씨커피수원권선한양점,경기도 수원시 권선구 경수대로277번길 8,127.019026800268,37.2520803119476,NORMAL,PUBLIC_DATA,MA0101202503A0004522
str_01KZMSEJ2G9C34PJ5JZ0HJ1X0X,twosome,투썸플레이스수원아이파크시티점,경기도 수원시 권선구 동수원로177번길 90,127.027152054546,37.2473031926019,NORMAL,PUBLIC_DATA,MA0101202503A0027727
str_01KZMSEJ2G9C34PJ5JZ0HJ1X0Y,paikdabang,빽다방광교 법조타운점,경기도 수원시 영통구 광교중앙로266번길 22,127.068377642453,37.2926900236526,NORMAL,PUBLIC_DATA,MA0101202503A0074372
str_01KZMSEJ2G9C34PJ5JZ0HJ1X0Z,megamgc,메가엠지씨커피수원경남아너스빌점,경기도 수원시 장안구 만석로159번길 39,126.996819204553,37.3031347297081,NORMAL,PUBLIC_DATA,MA0101202503A0073744
str_01KZMSEJ2G9C34PJ5JZ0HJ1X10,megamgc,메가엠지씨커피화서디아이포에버점,경기도 수원시 팔달구 덕영대로803번길 43,126.997519393173,37.2767973995842,NORMAL,PUBLIC_DATA,MA0101202503A0043605
str_01KZMSEJ2G9C34PJ5JZ0HJ1X11,megamgc,엠지에프앤비/메가엠지씨커피수원통닭사거,경기도 수원시 팔달구 정조로800번길 20,127.017849729432,37.2794901894668,NORMAL,PUBLIC_DATA,MA0106202406A1720062
str_01KZMSEJ2G9C34PJ5JZ0HJ1X12,twosome,투썸플레이스 수원북문점,경기도 수원시 장안구 팔달로 269,127.014209510199,37.2895552883933,NORMAL,PUBLIC_DATA,MA0106202506A0388748
str_01KZMSEJ2G9C34PJ5JZ0HJ1X13,compose,컴포즈커피삼성전기한울림 프라자점,경기도 수원시 영통구 매영로 150,127.05869120382,37.2652405415979,NORMAL,PUBLIC_DATA,MA0106202402A0116916
str_01KZMSEJ2G9C34PJ5JZ0HJ1X14,megamgc,메가엠지씨커피수원못골 사거리점,경기도 수원시 팔달구 세지로 393,127.028214370994,37.2851196688132,NORMAL,PUBLIC_DATA,MA0101202505A0055927
str_01KZMSEJ2G9C34PJ5JZ0HJ1X15,compose,컴포즈커피서수원꿈에 그린점,경기도 수원시 권선구 서수원로37번길 6-16,126.977698583501,37.2334911740824,NORMAL,PUBLIC_DATA,MA0101202505A0077142
str_01KZMSEJ2G9C34PJ5JZ0HJ1X16,megamgc,메가엠지씨커피호매실능실초점,경기도 수원시 권선구 호매실로165번길 70,126.952134848321,37.2601184827983,NORMAL,PUBLIC_DATA,MA0101202505A0088313
str_01KZMSEJ2G9C34PJ5JZ0HJ1X17,compose,컴포즈커피광교 중앙역점,경기도 수원시 영통구 센트럴타운로 106,127.05015265821,37.2927351905643,NORMAL,PUBLIC_DATA,MA0101202505A0014587
str_01KZMSEJ2G9C34PJ5JZ0HJ1X18,megamgc,메가엠지씨커피영통푸르지오트레센츠점,경기도 수원시 영통구 태장로36번길 8,127.049665471039,37.2378259035031,NORMAL,PUBLIC_DATA,MA0101202505A0091126
str_01KZMSEJ2G9C34PJ5JZ0HJ1X19,megamgc,메가엠지씨커피수원동성중점,경기도 수원시 팔달구 월드컵로311번길 34-2,127.033052145313,37.285253572681,NORMAL,PUBLIC_DATA,MA0101202505A0058956
str_01KZMSEJ2G9C34PJ5JZ0HJ1X1A,paris,영통뉴월드파리바게뜨-배송비,경기도 수원시 영통구 봉영로 1569,127.071023595658,37.2520605400011,NORMAL,PUBLIC_DATA,MA0106202201A0350980
str_01KZMSEJ2G9C34PJ5JZ0HJ1X1B,megamgc,메가엠지씨커피수원망포한양수자인점,경기도 수원시 영통구 영통로154번길 60,127.059055814932,37.2412906192592,NORMAL,PUBLIC_DATA,MA0101202505A0027999
str_01KZMSEJ2G9C34PJ5JZ0HJ1X1C,twosome,투썸플레이스수원 호매실점,경기도 수원시 권선구 금곡로102번길 45,126.941912235834,37.2721968782506,NORMAL,PUBLIC_DATA,MA0101202505A0011347
str_01KZMSEJ2G9C34PJ5JZ0HJ1X1D,compose,컴포즈커피수원아주대삼거리JK점,경기도 수원시 영통구 아주로4번길 1,127.044266653416,37.2752573806931,NORMAL,PUBLIC_DATA,MA0101202503A0076568
str_01KZMSEJ2G9C34PJ5JZ0HJ1X1E,compose,컴포즈커피수원세류역점,경기도 수원시 권선구 정조로388번길 3,127.014843426269,37.2442508328697,NORMAL,PUBLIC_DATA,MA0101202505A0047533
str_01KZMSEJ2G9C34PJ5JZ0HJ1X1F,compose,컴포즈커피수원천천점,경기도 수원시 장안구 만석로5번길 6,126.982845794386,37.2952674780795,NORMAL,PUBLIC_DATA,MA0101202505A0040850
str_01KZMSEJ2G9C34PJ5JZ0HJ1X1G,megamgc,메가엠지씨커피수원인계 CGV점,경기도 수원시 팔달구 권광로 181,127.032219775498,37.2637459646815,NORMAL,PUBLIC_DATA,MA0101202504A0054264
str_01KZMSEJ2G9C34PJ5JZ0HJ1X1H,twosome,투썸플레이스수원북문점,경기도 수원시 장안구 팔달로 269,127.014209510199,37.2895552883933,NORMAL,PUBLIC_DATA,MA0101202504A0008006
str_01KZMSEJ2G9C34PJ5JZ0HJ1X1J,twosome,투썸플레이스수원 고등점,경기도 수원시 팔달구 팔달로 59,127.001973136837,37.2739951733832,NORMAL,PUBLIC_DATA,MA0101202504A0057499
str_01KZMSEJ2G9C34PJ5JZ0HJ1X1K,paikdabang,빽다방수원파장점,경기도 수원시 장안구 파장로 62,126.994044252096,37.3058737720061,NORMAL,PUBLIC_DATA,MA0106202512A0467811
str_01KZMSEJ2G9C34PJ5JZ0HJ1X1M,baskinrobbins,배스킨라빈스 수원세류점,경기도 수원시 권선구 세지로94번길 6,127.018611678718,37.2599464866121,NORMAL,PUBLIC_DATA,MA0106202507A1981881
str_01KZMSEJ2G9C34PJ5JZ0HJ1X1N,megamgc,메가엠지씨커피수원인계 중앙점,경기도 수원시 팔달구 권광로 279,127.035718576783,37.2722237615042,NORMAL,PUBLIC_DATA,MA0106202511A1894686
str_01KZMSEJ2G9C34PJ5JZ0HJ1X1P,paris,파리바게뜨뉴 수원역점,경기도 수원시 팔달구 매산로 12-1,127.002987619489,37.2670751559063,NORMAL,PUBLIC_DATA,MA0106202512A1000634
str_01KZMSEJ2G9C34PJ5JZ0HJ1X1Q,megamgc,메가엠지씨커피 수원망포초점,경기도 수원시 영통구 영통로153번길 98,127.04991576855,37.2414119605475,NORMAL,PUBLIC_DATA,MA0106202506A1891671
str_01KZMSEJ2G9C34PJ5JZ0HJ1X1R,compose,컴포즈커피광교플렉스 데시앙점,경기도 수원시 영통구 창룡대로256번길 50,127.038921250555,37.2953434151383,NORMAL,PUBLIC_DATA,MA0101202505A0003183
str_01KZMSEJ2G9C34PJ5JZ0HJ1X1S,megamgc,메가엠지씨커피 곡반한솔점,경기도 수원시 권선구 동수원로58번길 18,127.026280091653,37.2355267234459,NORMAL,PUBLIC_DATA,MA0106202506A1893514
str_01KZMSEJ2G9C34PJ5JZ0HJ1X1T,megamgc,메가엠지씨커피수원 성균관대점,경기도 수원시 장안구 서부로 2125,126.971036281118,37.2983827658168,NORMAL,PUBLIC_DATA,MA0101202505A0041170
str_01KZMSEJ2G9C34PJ5JZ0HJ1X1V,megamgc,메가엠지씨커피 수원조원시장점,경기도 수원시 장안구 조원로 93,127.015238084207,37.3011154700588,NORMAL,PUBLIC_DATA,MA0106202506A0822739
str_01KZMSEJ2G9C34PJ5JZ0HJ1X1W,compose,컴포즈커피 동수원월드메르디앙점,경기도 수원시 팔달구 중부대로143번길 13,127.031921867671,37.2790907736523,NORMAL,PUBLIC_DATA,MA0106202507A1350136
str_01KZMSEJ2G9C34PJ5JZ0HJ1X1X,compose,컴포즈커피 수원남문점,경기도 수원시 팔달구 정조로758번길 5,127.017127241776,37.2758230630878,NORMAL,PUBLIC_DATA,MA0106202508A1787631
str_01KZMSEJ2G9C34PJ5JZ0HJ1X1Y,twosome,투썸플레이스 수원고등점,경기도 수원시 팔달구 팔달로 59,127.001973136837,37.2739951733832,NORMAL,PUBLIC_DATA,MA0106202506A1391372
str_01KZMSEJ2G9C34PJ5JZ0HJ1X1Z,megamgc,메가엠지씨커피수원역세진브론즈빌점,경기도 수원시 팔달구 덕영대로 899,127.000315677516,37.2681564431264,NORMAL,PUBLIC_DATA,MA0106202512A1702104
str_01KZMSEJ2G9C34PJ5JZ0HJ1X20,paris,파리바게뜨 광교중흥점,경기도 수원시 영통구 광교호수공원로 277,127.056619478288,37.2838300148919,NORMAL,PUBLIC_DATA,MA0106202508A1344454
str_01KZMSEJ2G9C34PJ5JZ0HJ1X21,megamgc,메가엠지씨커피 수원가구거리점,경기도 수원시 권선구 권광로123번길 23,127.029422097951,37.2590162196468,NORMAL,PUBLIC_DATA,MA0106202508A1404227
str_01KZMSEJ2G9C34PJ5JZ0HJ1X22,megamgc,메가엠지씨커피 수원정자시장점,경기도 수원시 장안구 수성로262번길 3,127.001488621588,37.2898714953245,NORMAL,PUBLIC_DATA,MA0106202506A2315129
str_01KZMSEJ2G9C34PJ5JZ0HJ1X23,compose,컴포즈커피 수원터미널점,경기도 수원시 권선구 덕영대로1201번길 28,127.022926321735,37.2503586268954,NORMAL,PUBLIC_DATA,MA0106202507A1974252
str_01KZMSEJ2G9C34PJ5JZ0HJ1X24,compose,컴포즈커피 수원명당골하늘채점,경기도 수원시 권선구 동수원로146번길 147,127.034228875423,37.2441567116777,NORMAL,PUBLIC_DATA,MA0106202507A1276865
str_01KZMSEJ2G9C34PJ5JZ0HJ1X25,paikdabang,빽다방 수원곡선하늘채점,경기도 수원시 권선구 곡반정로 151,127.03285270614,37.241499017649,NORMAL,PUBLIC_DATA,MA0106202507A2291170
str_01KZMSEJ2G9C34PJ5JZ0HJ1X26,paris,파리바게뜨(세류센트럴),경기도 수원시 권선구 세류로 32,127.007282523866,37.2618489254428,NORMAL,PUBLIC_DATA,MA0106202507A2368737
str_01KZMSEJ2G9C34PJ5JZ0HJ1X27,megamgc,메가엠지씨커피매현초교삼거리점,경기도 수원시 영통구 매탄로 69,127.041573285003,37.2573276261941,NORMAL,PUBLIC_DATA,MA0106202507A1494966
str_01KZMSEJ2G9C34PJ5JZ0HJ1X28,compose,컴포즈커피 수원금곡점,경기도 수원시 권선구 금곡로 213,126.953647673512,37.2748511142423,NORMAL,PUBLIC_DATA,MA0106202507A0574494
str_01KZMSEJ2G9C34PJ5JZ0HJ1X29,compose,컴포즈커피 곡반정동점,경기도 수원시 권선구 곡선로49번길 2,127.0302257582,37.2390308519114,NORMAL,PUBLIC_DATA,MA0106202506A2334522
str_01KZMSEJ2G9C34PJ5JZ0HJ1X2A,paris,파리바게뜨아주대요양 병원점,경기도 수원시 영통구 월드컵로150번길 21,127.049117529134,37.2791299397221,NORMAL,PUBLIC_DATA,MA0106202201A0362895
str_01KZMSEJ2G9C34PJ5JZ0HJ1X2B,compose,컴포즈커피 수원정자시장점,경기도 수원시 장안구 수성로 261,127.000834532075,37.2900336886215,NORMAL,PUBLIC_DATA,MA0106202506A1043018
str_01KZMSEJ2G9C34PJ5JZ0HJ1X2C,paris,수원영통파리바게뜨,경기도 수원시 영통구 영통로 505,127.077573326884,37.2638510813937,NORMAL,PUBLIC_DATA,MA0106202201A0194623
str_01KZMSEJ2G9C34PJ5JZ0HJ1X2D,megamgc,메가엠지씨커피 수원인계CGV점,경기도 수원시 팔달구 권광로 181,127.032219775498,37.2637459646815,NORMAL,PUBLIC_DATA,MA0106202506A1344667
str_01KZMSEJ2G9C34PJ5JZ0HJ1X2E,megamgc,메가엠지씨커피 수원탑동사거리점,경기도 수원시 권선구 탑동로 2,126.975545953001,37.2691270427582,NORMAL,PUBLIC_DATA,MA0106202601A0587534
str_01KZMSEJ2G9C34PJ5JZ0HJ1X2F,megamgc,메가엠지씨커피 장안구청점,경기도 수원시 장안구 송원로 83,127.009531020451,37.3024496011266,NORMAL,PUBLIC_DATA,MA0106202601A1312476
str_01KZMSEJ2G9C34PJ5JZ0HJ1X2G,megamgc,메가엠지씨커피수원천천 푸르지오점,경기도 수원시 장안구 정자천로13번길 13-1,126.978697086133,37.2892929232056,NORMAL,PUBLIC_DATA,MA0106202512A2450731
str_01KZMSEJ2G9C34PJ5JZ0HJ1X2H,megamgc,메가엠지씨커피수원효천초점,경기도 수원시 장안구 만석로20번길 38,126.984853646508,37.2936458845233,NORMAL,PUBLIC_DATA,MA0106202512A1363287
str_01KZMSEJ2G9C34PJ5JZ0HJ1X2J,megamgc,메가엠지씨커피수원모아미래도점,경기도 수원시 권선구 서수원로577번길 341,126.937094495632,37.2762851400274,NORMAL,PUBLIC_DATA,MA0106202510A0939226
str_01KZMSEJ2G9C34PJ5JZ0HJ1X2K,megamgc,메가엠지씨커피수원덕산 병원점,경기도 수원시 권선구 서부로1670번길 11-9,126.97592137138,37.2585578949993,NORMAL,PUBLIC_DATA,MA0106202510A1715339
str_01KZMSEJ2G9C34PJ5JZ0HJ1X2M,megamgc,메가엠지씨커피수원시립미술관점,경기도 수원시 팔달구 정조로 843,127.016114066951,37.2833558979295,NORMAL,PUBLIC_DATA,MA0106202510A1093117
str_01KZMSEJ2G9C34PJ5JZ0HJ1X2N,compose,컴포즈커피수원못골 시장점,경기도 수원시 팔달구 중부대로39번길 6,127.021434326964,37.2754889766547,NORMAL,PUBLIC_DATA,MA0106202510A1311112
str_01KZMSEJ2G9C34PJ5JZ0HJ1X2P,megamgc,메가엠지씨커피광교 법원점,경기도 수원시 영통구 법조로149번길 122,127.069054527504,37.2929239004593,NORMAL,PUBLIC_DATA,MA0106202510A1624432
str_01KZMSEJ2G9C34PJ5JZ0HJ1X2Q,paikdabang,빽다방수원권선 시장점,경기도 수원시 권선구 세권로 184,127.024303105511,37.2555123230766,NORMAL,PUBLIC_DATA,MA0106202511A1134307
str_01KZMSEJ2G9C34PJ5JZ0HJ1X2R,megamgc,메가엠지씨커피 광교역점,경기도 수원시 영통구 대학로 47,127.044022033556,37.3005135798334,NORMAL,PUBLIC_DATA,MA0106202601A1588201
str_01KZMSEJ2G9C34PJ5JZ0HJ1X2S,tourlesjours,뚜레쥬르 sk스카이뷰,경기도 수원시 장안구 이목로 24-9,126.984873060997,37.3093329314781,NORMAL,PUBLIC_DATA,MA0106202601A1389232
str_01KZMSEJ2G9C34PJ5JZ0HJ1X2T,ediya,이디야 수원화서시장점,경기도 수원시 팔달구 동말로 55,127.000270619395,37.2789599213956,NORMAL,PUBLIC_DATA,MA0106202601A1825253
str_01KZMSEJ2G9C34PJ5JZ0HJ1X2V,ediya,이디야 영통중앙점,경기도 수원시 영통구 봉영로 1613,127.073957202514,37.2550682295247,NORMAL,PUBLIC_DATA,MA0106202601A0750087
str_01KZMSEJ2G9C34PJ5JZ0HJ1X2W,compose,컴포즈커피북수원자이렉스비아점,경기도 수원시 장안구 장안로 271,126.989306577406,37.3069186401681,NORMAL,PUBLIC_DATA,MA0106202509A0587301
str_01KZMSEJ2G9C34PJ5JZ0HJ1X2X,megamgc,메가엠지씨커피인계무비 사거리점,경기도 수원시 팔달구 효원로265번길 54,127.031915644733,37.2643497452813,NORMAL,PUBLIC_DATA,MA0106202509A1930676
str_01KZMSEJ2G9C34PJ5JZ0HJ1X2Y,megamgc,메가엠지씨커피 수원매교힐스테이트점,경기도 수원시 권선구 효원로 88,127.011397952324,37.2664258948847,NORMAL,PUBLIC_DATA,MA0106202508A2357706
str_01KZMSEJ2G9C34PJ5JZ0HJ1X2Z,compose,컴포즈커피수원영통 구청점,경기도 수원시 영통구 효원로 397,127.045170270911,37.2590563111168,NORMAL,PUBLIC_DATA,MA0106202512A2177713
str_01KZMSEJ2G9C34PJ5JZ0HJ1X30,megamgc,메가엠지씨커피 북수원자이렉스비아점,경기도 수원시 장안구 정자로130번길 3,126.991224636007,37.3029452295136,NORMAL,PUBLIC_DATA,MA0106202601A0384126
str_01KZMSEJ2G9C34PJ5JZ0HJ1X31,megamgc,메가엠지씨커피 수원아이파크시티12단지점,경기도 수원시 권선구 경수대로 202,127.018191181555,37.2458181843044,NORMAL,PUBLIC_DATA,MA0106202508A0214640
str_01KZMSEJ2G9C34PJ5JZ0HJ1X32,megamgc,메가엠지씨커피수원 구운점,경기도 수원시 권선구 구운중로4번길 2,126.973638418711,37.275352825922,NORMAL,PUBLIC_DATA,MA0106202509A0717615
str_01KZMSEJ2G9C34PJ5JZ0HJ1X33,twosome,투썸플레이스수원도이치오토월드점,경기도 수원시 권선구 권선로 308-5,126.98783676458,37.2580641449446,NORMAL,PUBLIC_DATA,MA0106202509A0760593
str_01KZMSEJ2G9C34PJ5JZ0HJ1X34,paikdabang,빽다방광교 센트럴점,경기도 수원시 영통구 센트럴타운로 114,127.049566386859,37.2930057488305,NORMAL,PUBLIC_DATA,MA0106202509A1229327
str_01KZMSEJ2G9C34PJ5JZ0HJ1X35,megamgc,메가엠지씨커피수원남부경찰서점,경기도 수원시 영통구 매봉로 40,127.053205201247,37.2713792260697,NORMAL,PUBLIC_DATA,MA0106202509A1519944
str_01KZMSEJ2G9C34PJ5JZ0HJ1X36,twosome,투썸플레이스수원율전점,경기도 수원시 장안구 서부로 2161,126.972456343319,37.301275432543,NORMAL,PUBLIC_DATA,MA0106202511A1040613
str_01KZMSEJ2G9C34PJ5JZ0HJ1X37,megamgc,메가엠지씨커피수원국민체육 센터점,경기도 수원시 장안구 송원로14번길 52,127.008210678578,37.2963586915446,NORMAL,PUBLIC_DATA,MA0106202511A1603338
str_01KZMSEJ2G9C34PJ5JZ0HJ1X38,megamgc,메가엠지씨커피청사거리점 장안구,경기도 수원시 장안구 송원로 69,127.008707488211,37.3012152447187,NORMAL,PUBLIC_DATA,MA0106202511A1332539
str_01KZMSEJ2G9C34PJ5JZ0HJ1X39,baskinrobbins,배스킨라빈스,경기도 수원시 영통구 동수원로 398-1,127.040382239701,37.2645363790395,NORMAL,PUBLIC_DATA,MA0106202602A2335244
str_01KZMSEJ2G9C34PJ5JZ0HJ1X3A,compose,컴포즈커피 수원당수성산타워점,경기도 수원시 권선구 당수로 124,126.942860786332,37.2851723131494,NORMAL,PUBLIC_DATA,MA0106202602A1323400
str_01KZMSEJ2G9C34PJ5JZ0HJ1X3B,tourlesjours,뚜레쥬르블로썸파크점,경기도 수원시 영통구 광교로42번길 55,127.042119551813,37.2868725632781,NORMAL,PUBLIC_DATA,MA0106202602A0927048
str_01KZMSEJ2G9C34PJ5JZ0HJ1X3C,compose,컴포즈커피 수원성빈센트병원점,경기도 수원시 팔달구 중부대로 80,127.024670417371,37.2757406378009,NORMAL,PUBLIC_DATA,MA0106202602A0702879
